phage_id,host_id,k_true,o_true,model_id,rank_k_only,rank_o_only,rank_merged
A1a,102KP-HG,KL151,O4,seg4_cl70,60,44,61
A1a,218KP-HG,KL151,O4,seg4_cl70,60,44,61
A1a,HAV1_14,KL151,O4,seg4_cl70,60,44,61
A1a,Kpcas042,KL151,O4,seg4_cl70,60,44,61
A1b,HGV2C_14,KL157,O2α,seg4_cl70,23,128,52
A1c,HGV2C_08,K1,"O1αβ,2β",seg4_cl70,1,1,1
A1c,HGV2C_36_contigs,,,seg4_cl70,,,
A1c,NTUH,K1,"O1αβ,2β",seg4_cl70,1,1,1
A1d,HCV1_33,K20,O2α,seg4_cl70,54,17,23
A1d,HGV2C_37,K20,O2α,seg4_cl70,54,17,23
A1d,KP_HGUA02_092,K20,O2α,seg4_cl70,54,17,23
A1g,HGV2C_34,K16,"O1αβ,2α",seg4_cl70,48,42,68
A1g,HGV2_371,K16,"O1αβ,2α",seg4_cl70,48,42,68
A1g,KP_HGE01_025,K16,"O1αβ,2α",seg4_cl70,48,42,68
A1g,KP_HGUA03_117,K16,"O1αβ,2α",seg4_cl70,48,42,68
A1h,156KP-HG,K13,O3γ,seg4_cl70,111,88,123
A1h,HCV1_36,K2,"O1αβ,2β",seg4_cl70,1,1,1
A1h,HGV2C_02,K2,"O1αβ,2α",seg4_cl70,1,17,1
A1h,HGV2_332,K13,O3γ,seg4_cl70,111,88,123
A1h,HGV2_341,K13,O3γ,seg4_cl70,111,88,123
A1h,HGV2_370,K13,O3γ,seg4_cl70,111,88,123
A1h,HGV2_400,K13,O3γ,seg4_cl70,111,88,123
A1h,KP_HGUA02_074,K2,"O1αβ,2α",seg4_cl70,1,17,1
A1h,Moliner_02,K13,O3γ,seg4_cl70,111,88,123
A1h,Moliner_08,K13,O3γ,seg4_cl70,111,88,123
A1i,KP_HGUA02_059,KL126,O13,seg4_cl70,55,54,88
A1j,HGV2C_21,K61,O5,seg4_cl70,75,114,111
A1j,KP_HGUA02_059,KL126,O13,seg4_cl70,54,103,105
A1k,1210,K22,"O1αβ,2α",seg4_cl70,20,49,53
A1k,255KP-HG,K22,"O1αβ,2α",seg4_cl70,20,49,53
A1l,1210,K22,"O1αβ,2α",seg4_cl70,105,49,89
A1l,255KP-HG,K22,"O1αβ,2α",seg4_cl70,105,49,89
A1m,1210,K22,"O1αβ,2α",seg4_cl70,15,39,51
A1m,255KP-HG,K22,"O1αβ,2α",seg4_cl70,15,39,51
A1n,1210,K22,"O1αβ,2α",seg4_cl70,95,21,69
A1n,255KP-HG,K22,"O1αβ,2α",seg4_cl70,95,21,69
A1o,1210,K22,"O1αβ,2α",seg4_cl70,16,39,52
A1o,255KP-HG,K22,"O1αβ,2α",seg4_cl70,16,39,52
A1p,1210,K22,"O1αβ,2α",seg4_cl70,95,21,69
A1p,255KP-HG,K22,"O1αβ,2α",seg4_cl70,95,21,69
A1q,1210,K22,"O1αβ,2α",seg4_cl70,16,43,52
A1q,255KP-HG,K22,"O1αβ,2α",seg4_cl70,16,43,52
A1r,1210,K22,"O1αβ,2α",seg4_cl70,20,39,55
A1r,255KP-HG,K22,"O1αβ,2α",seg4_cl70,20,39,55
A2a,KP_HGUA02_059,KL126,O13,seg4_cl70,86,27,48
A2a_b,KP_HGUA02_059,KL126,O13,seg4_cl70,86,27,48
A2b,KP_HGUA02_059,KL126,O13,seg4_cl70,73,27,49
A3b,HGV2C_18,K30,"O1αβ,2α",seg4_cl70,103,88,119
A3c,HGV2C_21,K61,O5,seg4_cl70,37,76,71
A3d,HGV2C_21,K61,O5,seg4_cl70,99,1,8
A3d,KP_HGUA02_071,KL134,O3αβ,seg4_cl70,114,84,110
D7a,102KP-HG,KL151,O4,seg4_cl70,47,79,102
D7b,102KP-HG,KL151,O4,seg4_cl70,75,118,128
D7b,HGV2C_11,KL140,"O1αβ,2β",seg4_cl70,1,66,1
D7b,HGV2C_13,KL140,O2β,seg4_cl70,1,44,1
D7b,KP_HGE01_004,KL140,O2β,seg4_cl70,1,44,1
D7b,KP_HGE01_005,KL122,O2β,seg4_cl70,20,44,56
D7b,KP_HGE01_029,KL140,O2β,seg4_cl70,1,44,1
K10PH82C1,ERS706553,K10,"O1αβ,2α",seg4_cl70,12,14,22
K11PH164C1,ERS523589,K57,O5,seg4_cl70,1,26,4
K11PH164C1,ERS659571,K11,O3αβ,seg4_cl70,29,32,40
K12P1_1,ERS706554,K12,"O1αβ,2α",seg4_cl70,30,28,38
K12P1_1,K28,,,seg4_cl70,,,
K12P1_1,K69,,,seg4_cl70,,,
K13PH07C1L,ERS706555,K13,"O1αβ,2α",seg4_cl70,32,21,31
K13PH07C1S,ERS706555,K13,"O1αβ,2α",seg4_cl70,32,20,30
K14PH164C1,ERS743101,K14,O5,seg4_cl70,1,31,1
K15PH90,ERS799795,null,O4,seg4_cl70,,5,5
K16PH164C3,ERS799796,K16,"O1αβ,2α",seg4_cl70,13,26,25
K17alfa61,ERS764450,K17,O4,seg4_cl70,2,37,2
K17alfa62,ERS718584,null,"O1αβ,2α",seg4_cl70,,1,3
K17alfa62,ERS764450,K17,O4,seg4_cl70,1,19,1
K18PH07C1,ERS706554,K12,"O1αβ,2α",seg4_cl70,26,1,6
K18PH07C1,ERS764451,K18,"O1αβ,2α",seg4_cl70,11,1,6
K19PH14C4P1,ERS659571,K11,O3αβ,seg4_cl70,,,
K19PH14C4P1,ERS686707,K19,"O1αβ,2β",seg4_cl70,,,
K19PH14C4P1,K28,,,seg4_cl70,,,
K19PH14C4P1,K69,,,seg4_cl70,,,
K1PH164C1,ERS739095,K1,"O1αβ,2α",seg4_cl70,1,5,1
K1lambda5,ERS718583,K54,O3αβ,seg4_cl70,,,
K1lambda5,ERS739095,K1,"O1αβ,2α",seg4_cl70,,,
K2064PH2,ERS659571,K11,O3αβ,seg4_cl70,1,5,1
K2064PH2,ERS659577,K74,OL15,seg4_cl70,30,51,48
K2064PH2,ERS686706,K64,"O1αβ,2α",seg4_cl70,3,21,3
K2064PH2,ERS686707,K19,"O1αβ,2β",seg4_cl70,11,39,22
K2064PH2,ERS686708,K33,O3γ,seg4_cl70,43,1,5
K2064PH2,ERS686709,K35,O2αγ,seg4_cl70,8,56,16
K2064PH2,ERS686710,null,"O1αβ,2β",seg4_cl70,,39,47
K2064PH2,ERS702130,K60,O5,seg4_cl70,46,15,32
K2064PH2,ERS702131,K63,"O1αβ,2β",seg4_cl70,17,39,28
K2064PH2,ERS706554,K12,"O1αβ,2α",seg4_cl70,45,21,36
K2064PH2,ERS718584,null,"O1αβ,2α",seg4_cl70,,21,36
K2064PH2,ERS743101,K14,O5,seg4_cl70,4,15,4
K2064PH2,K21,,,seg4_cl70,,,
K2064PH2,K27,,,seg4_cl70,,,
K2064PH2,K28,,,seg4_cl70,,,
K2064PH2,K69,,,seg4_cl70,,,
K2064PH2,K70,,,seg4_cl70,,,
K2069PH1,ERS686706,K64,"O1αβ,2α",seg4_cl70,1,25,1
K2069PH1,ERS686707,K19,"O1αβ,2β",seg4_cl70,11,21,23
K2069PH1,ERS686708,K33,O3γ,seg4_cl70,36,1,5
K2069PH1,ERS686709,K35,O2αγ,seg4_cl70,9,60,20
K2069PH1,ERS686710,null,"O1αβ,2β",seg4_cl70,,21,37
K2069PH1,ERS718584,null,"O1αβ,2α",seg4_cl70,,25,40
K2069PH1,K27,,,seg4_cl70,,,
K2069PH1,K28,,,seg4_cl70,,,
K2069PH1,K69,,,seg4_cl70,,,
K2069PH1,K70,,,seg4_cl70,,,
K2069PH2,ERS686706,K64,"O1αβ,2α",seg4_cl70,,,
K2069PH2,ERS718584,null,"O1αβ,2α",seg4_cl70,,,
K2069PH2,K69,,,seg4_cl70,,,
K2069PH2,K70,,,seg4_cl70,,,
K2069PH2,K72,,,seg4_cl70,,,
K21lambda1,K21,,,seg4_cl70,,,
K22PH164C1,ERS715468,K22,"O1αβ,2α",seg4_cl70,,,
K22PH164C1,ERS799798,K37,"O1αβ,2α",seg4_cl70,,,
K23PH08C2,ERS715401,K58,O3αβ,seg4_cl70,3,13,3
K23PH08C2,ERS718583,K54,O3αβ,seg4_cl70,1,13,1
K23PH08C2,K23,,,seg4_cl70,,,
K24PH164C1,ERS747612,K24,"O1αβ,2α",seg4_cl70,,,
K25PH129C1,ERS685293,K25,O3αβ,seg4_cl70,1,35,1
K26PH128C1,ERS659577,K74,OL15,seg4_cl70,,,
K26PH128C1,ERS799797,K26,OL15,seg4_cl70,,,
K27PH129C1,K27,,,seg4_cl70,,,
K28PH129,K28,,,seg4_cl70,,,
K28PH129,K69,,,seg4_cl70,,,
K29PH164C1,ERS659578,K74,OL15,seg4_cl70,26,40,39
K29PH164C1,ERS702127,K29,OL15,seg4_cl70,47,40,50
K29PH164C1,ERS718584,null,"O1αβ,2α",seg4_cl70,,7,21
K29PH164C1,ERS747612,K24,"O1αβ,2α",seg4_cl70,10,7,13
K29PH164C1,K2,,,seg4_cl70,,,
K29PH164C1,K69,,,seg4_cl70,,,
K2PH164C1,K2,,,seg4_cl70,,,
K2PH164C1,sampleK3,K3,O2α,seg4_cl70,13,34,37
K2PH164C2,ERS706555,K13,"O1αβ,2α",seg4_cl70,12,4,12
K2PH164C2,K2,,,seg4_cl70,,,
K2PH164C2,sampleK3,K3,O2α,seg4_cl70,22,1,2
K2alfa62,ERS706555,K13,"O1αβ,2α",seg4_cl70,27,5,12
K2alfa62,K2,,,seg4_cl70,,,
K2alfa62,sampleK3,K3,O2α,seg4_cl70,13,33,38
K30lambda2,ERS659571,K11,O3αβ,seg4_cl70,41,23,32
K30lambda2,ERS659579,K80,O12,seg4_cl70,51,49,56
K30lambda2,ERS686706,K64,"O1αβ,2α",seg4_cl70,5,2,2
K30lambda2,ERS686709,K35,O2αγ,seg4_cl70,27,38,39
K30lambda2,ERS701896,K31,O3γ,seg4_cl70,38,45,51
K30lambda2,ERS702127,K29,OL15,seg4_cl70,34,52,49
K30lambda2,ERS702129,null,O10,seg4_cl70,,61,62
K30lambda2,ERS702132,K65,O12,seg4_cl70,35,49,50
K30lambda2,ERS706552,K8,"O1αβ,2β",seg4_cl70,45,19,27
K30lambda2,ERS706555,K13,"O1αβ,2α",seg4_cl70,16,2,2
K30lambda2,ERS715399,K30,"O1αβ,2α",seg4_cl70,2,2,2
K30lambda2,ERS715469,K47,"O1αβ,2α",seg4_cl70,1,2,2
K30lambda2,ERS715473,K68,O2α,seg4_cl70,7,29,21
K30lambda2,ERS736962,K32,O2αγ,seg4_cl70,54,38,45
K30lambda2,ERS743101,K14,O5,seg4_cl70,30,33,42
K30lambda2,ERS744787,K44,"O1αβ,2γ",seg4_cl70,,57,60
K30lambda2,ERS764452,K36,O4,seg4_cl70,13,41,25
K30lambda2,ERS799797,K26,OL15,seg4_cl70,53,52,58
K30lambda2,K21,,,seg4_cl70,,,
K30lambda2,K52,,,seg4_cl70,,,
K30lambda2,K67,,,seg4_cl70,,,
K30lambda2,K69,,,seg4_cl70,,,
K31PH164,ERS701896,K31,O3γ,seg4_cl70,,,
K31PH164,ERS715468,K22,"O1αβ,2α",seg4_cl70,,,
K31PH164,ERS799798,K37,"O1αβ,2α",seg4_cl70,,,
K32PH164C1,ERS702129,null,O10,seg4_cl70,,53,59
K32PH164C1,ERS736962,K32,O2αγ,seg4_cl70,54,38,45
K33PH14C2,ERS659571,K11,O3αβ,seg4_cl70,1,8,1
K33PH14C2,ERS686708,K33,O3γ,seg4_cl70,39,1,5
K33PH14C2,ERS686709,K35,O2αγ,seg4_cl70,6,52,9
K33PH14C2,K28,,,seg4_cl70,,,
K34PH164,ERS523587,K2,"O1αβ,2α",seg4_cl70,23,2,5
K34PH164,ERS659571,K11,O3αβ,seg4_cl70,34,23,26
K34PH164,ERS686706,K64,"O1αβ,2α",seg4_cl70,9,2,5
K34PH164,ERS702130,K60,O5,seg4_cl70,3,29,4
K34PH164,ERS706552,K8,"O1αβ,2β",seg4_cl70,20,19,20
K34PH164,ERS715409,K34,"O1αβ,2α",seg4_cl70,25,2,5
K34PH164,ERS715470,K49,O3αβ,seg4_cl70,22,23,26
K34PH164,ERS715473,K68,O2α,seg4_cl70,43,43,50
K34PH164,K69,,,seg4_cl70,,,
K35PH164C3,ERS686709,K35,O2αγ,seg4_cl70,14,60,23
K35PH164C3,ERS715399,K30,"O1αβ,2α",seg4_cl70,36,18,34
K35PH164C3,ERS764452,K36,O4,seg4_cl70,33,8,13
K35PH164C3,K2,,,seg4_cl70,,,
K36PH128C2B,ERS686710,null,"O1αβ,2β",seg4_cl70,,,
K36PH128C2B,ERS715399,K30,"O1αβ,2α",seg4_cl70,,,
K36PH128C2B,ERS715410,K38,"O1αβ,2α",seg4_cl70,,,
K36PH128C2B,ERS715472,K59,O2αγ,seg4_cl70,,,
K36PH128C2B,ERS764452,K36,O4,seg4_cl70,,,
K37PH164C1,ERS706555,K13,"O1αβ,2α",seg4_cl70,,,
K37PH164C1,ERS715468,K22,"O1αβ,2α",seg4_cl70,,,
K37PH164C1,ERS799798,K37,"O1αβ,2α",seg4_cl70,,,
K37PH164C1,K2,,,seg4_cl70,,,
K37PH164C1,sampleK3,K3,O2α,seg4_cl70,,,
K37PH164C1,sampleK4,K4,"O11αβ,2α",seg4_cl70,,,
K38PH09C2,ERS715410,K38,"O1αβ,2α",seg4_cl70,,,
K39PH122C2,ERS686710,null,"O1αβ,2β",seg4_cl70,,1,2
K39PH122C2,ERS764452,K36,O4,seg4_cl70,30,54,43
K3PH164,K2,,,seg4_cl70,,,
K3PH164,sampleK3,K3,O2α,seg4_cl70,,,
K40PH129C1,K40,,,seg4_cl70,,,
K41P2,ERS686710,null,"O1αβ,2β",seg4_cl70,,,
K41P2,ERS686711,K41,O13,seg4_cl70,,,
K42PH8,ERS685294,K42,O4,seg4_cl70,,,
K42PH8,ERS764452,K36,O4,seg4_cl70,,,
K43PH164C1,ERS747611,K43,O2α,seg4_cl70,1,1,1
K43PH164C1,ERS764452,K36,O4,seg4_cl70,27,58,33
K44PH129C1,ERS744787,K44,"O1αβ,2γ",seg4_cl70,,,
K44PH129C1,ERS799798,K37,"O1αβ,2α",seg4_cl70,,,
K45PH128C2,ERS799798,K37,"O1αβ,2α",seg4_cl70,50,32,49
K45PH128C2,K45,,,seg4_cl70,,,
K45PH128C2,K71,,,seg4_cl70,,,
K46PH129,ERS702128,K46,"O1αβ,2α",seg4_cl70,20,13,21
K47PH6,ERS715469,K47,"O1αβ,2α",seg4_cl70,,,
K48PH164C1,K48,,,seg4_cl70,,,
K49PH164C2,ERS659571,K11,O3αβ,seg4_cl70,46,3,15
K49PH164C2,ERS702129,null,O10,seg4_cl70,,1,3
K49PH164C2,ERS702130,K60,O5,seg4_cl70,1,20,1
K49PH164C2,ERS715470,K49,O3αβ,seg4_cl70,27,3,15
K49PH164C2,K53,,,seg4_cl70,,,
K4PH164,K52,,,seg4_cl70,,,
K4PH164,sampleK4,K4,"O11αβ,2α",seg4_cl70,,,
K50PH164C1,ERS686706,K64,"O1αβ,2α",seg4_cl70,3,20,3
K50PH164C1,ERS715471,null,O3γ,seg4_cl70,,16,21
K50PH164C1,ERS747611,K43,O2α,seg4_cl70,24,13,18
K50PH164C1,K69,,,seg4_cl70,,,
K51PH129C1,ERS706556,K51,O3γ,seg4_cl70,3,9,7
K52PH129C1,ERS686707,K19,"O1αβ,2β",seg4_cl70,12,42,23
K52PH129C1,ERS686708,K33,O3γ,seg4_cl70,51,7,10
K52PH129C1,ERS686710,null,"O1αβ,2β",seg4_cl70,,42,51
K52PH129C1,ERS715409,K34,"O1αβ,2α",seg4_cl70,35,22,41
K52PH129C1,ERS718584,null,"O1αβ,2α",seg4_cl70,,22,41
K52PH129C1,K28,,,seg4_cl70,,,
K52PH129C1,K52,,,seg4_cl70,,,
K52PH129C1,K69,,,seg4_cl70,,,
K53PH164C2,K53,,,seg4_cl70,,,
K54lambda1,ERS715401,K58,O3αβ,seg4_cl70,4,13,7
K54lambda1,ERS718583,K54,O3αβ,seg4_cl70,1,13,1
K54lambda1,ERS747612,K24,"O1αβ,2α",seg4_cl70,2,27,2
K54lambda2,ERS718583,K54,O3αβ,seg4_cl70,7,4,10
K55P2_1,ERS715400,K55,O3αβ,seg4_cl70,,,
K55P2_1,K70,,,seg4_cl70,,,
K56PH164C1,ERS702129,null,O10,seg4_cl70,,11,23
K57lambda1,ERS523589,K57,O5,seg4_cl70,8,29,24
K57lambda1,ERS715473,K68,O2α,seg4_cl70,1,1,1
K58PH129C2,ERS715401,K58,O3αβ,seg4_cl70,50,37,50
K59PH2,ERS659581,K82,O12,seg4_cl70,,,
K59PH2,ERS715399,K30,"O1αβ,2α",seg4_cl70,,,
K59PH2,ERS715472,K59,O2αγ,seg4_cl70,,,
K59PH2,ERS764452,K36,O4,seg4_cl70,,,
K5lamda5,ERS812516,K5,"O11αβ,2α",seg4_cl70,,,
K60PH164C1,ERS702130,K60,O5,seg4_cl70,2,24,2
K60PH164C1,ERS764451,K18,"O1αβ,2α",seg4_cl70,1,1,1
K61PH164C1,ERS685295,K61,O5,seg4_cl70,40,6,13
K61PH164C1,K67,,,seg4_cl70,,,
K62PH164C2,ERS659578,K74,OL15,seg4_cl70,22,44,34
K62PH164C2,ERS686706,K64,"O1αβ,2α",seg4_cl70,1,7,5
K62PH164C2,ERS702127,K29,OL15,seg4_cl70,48,44,53
K62PH164C2,ERS702132,K65,O12,seg4_cl70,54,32,42
K62PH164C2,ERS715473,K68,O2α,seg4_cl70,14,29,18
K62PH164C2,ERS718584,null,"O1αβ,2α",seg4_cl70,,7,21
K62PH164C2,K69,,,seg4_cl70,,,
K63PH128,ERS702131,K63,"O1αβ,2β",seg4_cl70,35,33,38
K64PH164C4,ERS686706,K64,"O1αβ,2α",seg4_cl70,,,
K64PH164C4,ERS702132,K65,O12,seg4_cl70,,,
K65PH164,ERS523589,K57,O5,seg4_cl70,27,6,8
K65PH164,ERS659578,K74,OL15,seg4_cl70,21,50,30
K65PH164,ERS659579,K80,O12,seg4_cl70,45,55,59
K65PH164,ERS659580,K35,O5,seg4_cl70,49,6,8
K65PH164,ERS686706,K64,"O1αβ,2α",seg4_cl70,6,26,16
K65PH164,ERS686707,K19,"O1αβ,2β",seg4_cl70,10,1,4
K65PH164,ERS686709,K35,O2αγ,seg4_cl70,49,43,52
K65PH164,ERS686711,K41,O13,seg4_cl70,26,12,14
K65PH164,ERS701896,K31,O3γ,seg4_cl70,42,16,39
K65PH164,ERS702127,K29,OL15,seg4_cl70,20,50,29
K65PH164,ERS702129,null,O10,seg4_cl70,,11,13
K65PH164,ERS702130,K60,O5,seg4_cl70,1,6,1
K65PH164,ERS702132,K65,O12,seg4_cl70,53,55,59
K65PH164,ERS706552,K8,"O1αβ,2β",seg4_cl70,46,1,4
K65PH164,ERS706554,K12,"O1αβ,2α",seg4_cl70,34,26,46
K65PH164,ERS715400,K55,O3αβ,seg4_cl70,11,20,20
K65PH164,ERS715469,K47,"O1αβ,2α",seg4_cl70,3,26,3
K65PH164,ERS715470,K49,O3αβ,seg4_cl70,38,20,43
K65PH164,ERS715471,null,O3γ,seg4_cl70,,16,39
K65PH164,ERS715472,K59,O2αγ,seg4_cl70,,43,52
K65PH164,ERS718584,null,"O1αβ,2α",seg4_cl70,,26,47
K65PH164,ERS736962,K32,O2αγ,seg4_cl70,54,43,52
K65PH164,ERS743101,K14,O5,seg4_cl70,25,6,8
K65PH164,ERS747611,K43,O2α,seg4_cl70,36,13,35
K65PH164,ERS764451,K18,"O1αβ,2α",seg4_cl70,28,26,34
K65PH164,ERS764452,K36,O4,seg4_cl70,33,46,45
K65PH164,ERS799795,null,O4,seg4_cl70,,46,55
K65PH164,ERS799796,K16,"O1αβ,2α",seg4_cl70,13,26,22
K65PH164,ERS799797,K26,OL15,seg4_cl70,47,50,57
K65PH164,K21,,,seg4_cl70,,,
K65PH164,K27,,,seg4_cl70,,,
K65PH164,K28,,,seg4_cl70,,,
K65PH164,K48,,,seg4_cl70,,,
K65PH164,K53,,,seg4_cl70,,,
K65PH164,K67,,,seg4_cl70,,,
K65PH164,K69,,,seg4_cl70,,,
K65PH164,K70,,,seg4_cl70,,,
K65PH164,K72,,,seg4_cl70,,,
K66PH128C1,ERS702133,null,OL15,seg4_cl70,,29,39
K68QB,ERS686706,K64,"O1αβ,2α",seg4_cl70,,,
K68QB,ERS686709,K35,O2αγ,seg4_cl70,,,
K68QB,ERS701896,K31,O3γ,seg4_cl70,,,
K68QB,ERS702127,K29,OL15,seg4_cl70,,,
K68QB,ERS702129,null,O10,seg4_cl70,,,
K68QB,ERS706552,K8,"O1αβ,2β",seg4_cl70,,,
K68QB,ERS715473,K68,O2α,seg4_cl70,,,
K68QB,ERS736962,K32,O2αγ,seg4_cl70,,,
K68QB,ERS764452,K36,O4,seg4_cl70,,,
K69PH164C2,ERS686708,K33,O3γ,seg4_cl70,44,1,4
K69PH164C2,ERS686710,null,"O1αβ,2β",seg4_cl70,,38,50
K69PH164C2,ERS702127,K29,OL15,seg4_cl70,16,51,30
K69PH164C2,ERS706554,K12,"O1αβ,2α",seg4_cl70,47,21,40
K69PH164C2,ERS715400,K55,O3αβ,seg4_cl70,37,9,19
K69PH164C2,K27,,,seg4_cl70,,,
K69PH164C2,K28,,,seg4_cl70,,,
K69PH164C2,K69,,,seg4_cl70,,,
K6PH25C3,ERS706552,K8,"O1αβ,2β",seg4_cl70,45,32,37
K6PH25C3,ERS739094,K6,"O11αβ,2α",seg4_cl70,15,53,41
K70PH128C1,ERS659571,K11,O3αβ,seg4_cl70,,,
K70PH128C1,ERS686707,K19,"O1αβ,2β",seg4_cl70,,,
K70PH128C1,ERS702127,K29,OL15,seg4_cl70,,,
K70PH128C1,ERS715470,K49,O3αβ,seg4_cl70,,,
K70PH128C1,K69,,,seg4_cl70,,,
K70PH128C1,K70,,,seg4_cl70,,,
K71PH129C1,ERS702130,K60,O5,seg4_cl70,25,44,45
K71PH129C1,K71,,,seg4_cl70,,,
K72PH164C2,K72,,,seg4_cl70,,,
K74PH129C2,ERS659577,K74,OL15,seg4_cl70,1,25,1
K74PH129C2,ERS702131,K63,"O1αβ,2β",seg4_cl70,13,10,15
K74PH129C2,K40,,,seg4_cl70,,,
K79PH164C1,ERS659578,K74,OL15,seg4_cl70,,,
K7PH164C2,ERS706552,K8,"O1αβ,2β",seg4_cl70,,,
K7PH164C3,ERS706552,K8,"O1αβ,2β",seg4_cl70,,,
K7PH164C4,ERS523589,K57,O5,seg4_cl70,39,44,51
K7PH164C4,ERS659571,K11,O3αβ,seg4_cl70,38,26,37
K7PH164C4,ERS686706,K64,"O1αβ,2α",seg4_cl70,6,2,3
K7PH164C4,ERS686709,K35,O2αγ,seg4_cl70,24,49,34
K7PH164C4,ERS686710,null,"O1αβ,2β",seg4_cl70,,19,24
K7PH164C4,ERS701896,K31,O3γ,seg4_cl70,32,40,45
K7PH164C4,ERS702127,K29,OL15,seg4_cl70,33,57,49
K7PH164C4,ERS702128,K46,"O1αβ,2α",seg4_cl70,20,2,3
K7PH164C4,ERS702129,null,O10,seg4_cl70,,56,60
K7PH164C4,ERS702130,K60,O5,seg4_cl70,30,44,43
K7PH164C4,ERS702132,K65,O12,seg4_cl70,45,32,40
K7PH164C4,ERS706552,K8,"O1αβ,2β",seg4_cl70,48,19,24
K7PH164C4,ERS706555,K13,"O1αβ,2α",seg4_cl70,14,2,3
K7PH164C4,ERS715399,K30,"O1αβ,2α",seg4_cl70,4,2,3
K7PH164C4,ERS715469,K47,"O1αβ,2α",seg4_cl70,1,2,2
K7PH164C4,ERS715473,K68,O2α,seg4_cl70,8,23,22
K7PH164C4,ERS718583,K54,O3αβ,seg4_cl70,10,26,23
K7PH164C4,ERS743101,K14,O5,seg4_cl70,22,44,32
K7PH164C4,ERS764452,K36,O4,seg4_cl70,19,36,30
K7PH164C4,ERS799797,K26,OL15,seg4_cl70,52,57,61
K7PH164C4,K21,,,seg4_cl70,,,
K7PH164C4,K27,,,seg4_cl70,,,
K7PH164C4,K45,,,seg4_cl70,,,
K7PH164C4,K52,,,seg4_cl70,,,
K7PH164C4,K69,,,seg4_cl70,,,
K7PH164C4,K70,,,seg4_cl70,,,
K80P2,ERS659579,K80,O12,seg4_cl70,,,
K81P1,ERS659580,K35,O5,seg4_cl70,,,
K82P1,ERS659581,K82,O12,seg4_cl70,43,56,53
K8PH128,ERS523587,K2,"O1αβ,2α",seg4_cl70,9,8,16
K8PH128,ERS739095,K1,"O1αβ,2α",seg4_cl70,1,8,1
K9PH25C2,ERS747603,K9,O2β,seg4_cl70,1,14,1
M12a,HGV2C_28,KL139,O3γ,seg4_cl70,2,95,2
M5a,HGV2_430,KL103,O13,seg4_cl70,1,1,1
M5a,KP_HGUA02_099,KL103,O13,seg4_cl70,1,1,1
M5b,1210,K22,"O1αβ,2α",seg4_cl70,111,108,133
M5b,255KP-HG,K22,"O1αβ,2α",seg4_cl70,111,108,133
P4a,HGV2C_11,KL140,"O1αβ,2β",seg4_cl70,2,60,23
P4a,HGV2C_13,KL140,O2β,seg4_cl70,2,1,2
P4a,KP_HGE01_004,KL140,O2β,seg4_cl70,2,1,2
P4a,KP_HGE01_029,KL140,O2β,seg4_cl70,2,1,2
P4b,HGV2C_11,KL140,"O1αβ,2β",seg4_cl70,2,77,23
P4b,HGV2C_13,KL140,O2β,seg4_cl70,2,1,2
P4b,KP_HGE01_004,KL140,O2β,seg4_cl70,2,1,2
P4b,KP_HGE01_029,KL140,O2β,seg4_cl70,2,1,2
S10a,HCV1_26,K25,O5,seg4_cl70,1,93,1
S10a,HGUA4_51,K24,"O1αβ,2α",seg4_cl70,9,66,31
S10a,KP_HGUA03_124,K25,O5,seg4_cl70,1,93,1
S11a,HCV1_26,K25,O5,seg4_cl70,1,59,1
S11a,HGUA4_08,K25,"O1αβ,2α",seg4_cl70,1,71,1
S11a,HGUA4_51,K24,"O1αβ,2α",seg4_cl70,9,71,32
S11a,KP_HGUA03_124,K25,O5,seg4_cl70,1,59,1
S13a,779,KL102,O2β,seg4_cl70,14,44,49
S13a,CU443,KL102,O2β,seg4_cl70,14,44,49
S13a,CU448,KL102,O2β,seg4_cl70,14,44,49
S13a,CU451,KL102,O2β,seg4_cl70,14,44,49
S13a,HCV1_10,KL149,"O1αβ,2β",seg4_cl70,114,1,13
S13a,HGV2_418,KL102,O12,seg4_cl70,14,130,49
S13b,HCV1_24,K63,"O1αβ,2β",seg4_cl70,78,97,88
S13c,779,KL102,O2β,seg4_cl70,,,
S13c,CU443,KL102,O2β,seg4_cl70,,,
S13c,CU448,KL102,O2β,seg4_cl70,,,
S13c,CU451,KL102,O2β,seg4_cl70,,,
S13c,HCV1_10,KL149,"O1αβ,2β",seg4_cl70,,,
S13c,HGV2_418,KL102,O12,seg4_cl70,,,
S13d,HCV1_27,K14,O3γ,seg4_cl70,1,1,1
S13d,HGUA4_15,K14,O5,seg4_cl70,1,28,1
S13d,HGV2C_20,K14,O3γ,seg4_cl70,1,1,1
S13d,HGV2C_33,K14,O3γ,seg4_cl70,1,1,1
S13f,218KP-HG,KL151,O4,seg4_cl70,9,66,23
S13f,HCV1_42,K62,"O1αβ,2β",seg4_cl70,105,1,8
S13f,KP_HGUA02_055,K62,O2α,seg4_cl70,105,119,132
S13f,KP_HGUA02_066,K62,O2α,seg4_cl70,105,119,132
S6a,102KP-HG,KL151,O4,seg4_cl70,1,1,1
S6a,218KP-HG,KL151,O4,seg4_cl70,1,1,1
S6a,HAV1_14,KL151,O4,seg4_cl70,1,1,1
S6a,Kpcas042,KL151,O4,seg4_cl70,1,1,1
S8a,102KP-HG,KL151,O4,seg4_cl70,123,79,123
S8a,156KP-HG,K13,O3γ,seg4_cl70,64,93,81
S8a,HAV1_13,K46,O3γ,seg4_cl70,111,93,128
S8a,HCV1_19,K3,"O1αβ,2β",seg4_cl70,9,122,13
S8a,HGV2C_18,K30,"O1αβ,2α",seg4_cl70,11,29,29
S8a,KP_HGUA02_064,K46,O3γ,seg4_cl70,111,93,128
S8a,KP_HGUA02_092,K20,O2α,seg4_cl70,50,19,34
S8b,102KP-HG,KL151,O4,seg4_cl70,77,80,111
S8b,132,K39,"O1αβ,2α",seg4_cl70,8,17,24
S8b,218KP-HG,KL151,O4,seg4_cl70,77,80,111
S8b,CU293,K39,"O1αβ,2α",seg4_cl70,8,17,24
S8b,HAV1_14,KL151,O4,seg4_cl70,77,80,111
S8b,HCV1_24,K63,"O1αβ,2β",seg4_cl70,30,1,3
S8b,HGUA4_15,K14,O5,seg4_cl70,68,128,105
S8b,HGV2C_03,K81,"O1αβ,2β",seg4_cl70,101,1,3
S8b,HGV2C_10,K25,O5,seg4_cl70,26,128,60
S8b,HGV2_429,KL136,O2β,seg4_cl70,125,58,90
S8b,KP_HGE01_003,K64,"O1αβ,2α",seg4_cl70,19,17,31
S8b,KP_HGUA02_071,KL134,O3αβ,seg4_cl70,75,122,125
S8b,Kpcas027,KL146,"O1αβ,2β",seg4_cl70,76,1,3
S8b,Kpcas042,KL151,O4,seg4_cl70,77,80,111
S8c,102KP-HG,KL151,O4,seg4_cl70,93,122,127
S8c,132,K39,"O1αβ,2α",seg4_cl70,53,1,4
S8c,228,K36,O4,seg4_cl70,101,122,131
S8c,CU293,K39,"O1αβ,2α",seg4_cl70,53,1,4
S8c,CU371,KL158,O3αβ,seg4_cl70,121,38,52
S8c,HCV1_24,K63,"O1αβ,2β",seg4_cl70,74,75,106
S8c,HGUA4_15,K14,O5,seg4_cl70,97,91,115
S8c,HGV2C_18,K30,"O1αβ,2α",seg4_cl70,70,1,4
S8c,HGV2C_33,K14,O3γ,seg4_cl70,97,44,62
S8c,HGV2_370,K13,O3γ,seg4_cl70,123,44,62
S8c,KP_HGE01_003,K64,"O1αβ,2α",seg4_cl70,1,1,1
S8c,KP_HGE01_024,K7,O2β,seg4_cl70,134,99,118
S8c,KP_HGE01_042,K64,O2α,seg4_cl70,1,28,1
S8c,KP_HGUA02_054,K31,O3γ,seg4_cl70,130,44,62
S8c,KP_HGUA02_064,K46,O3γ,seg4_cl70,71,44,62
S8c,KP_HGUA02_071,KL134,O3αβ,seg4_cl70,120,38,52
S8c,KP_HGUA02_089,K10,O3αβ,seg4_cl70,14,38,43
S8c,Kpcas024,K39,O3γ,seg4_cl70,53,44,62
S8c,Kpcas027,KL146,"O1αβ,2β",seg4_cl70,118,75,106
S9a,132,K39,"O1αβ,2α",seg4_cl70,1,37,1
S9a,1446,K39,"O1αβ,2α",seg4_cl70,1,37,1
S9a,CU293,K39,"O1αβ,2α",seg4_cl70,1,37,1
S9a,CU443,KL102,O2β,seg4_cl70,6,5,6
S9a,CU448,KL102,O2β,seg4_cl70,6,5,6
S9a,CU451,KL102,O2β,seg4_cl70,6,5,6
S9a,HCV1_10,KL149,"O1αβ,2β",seg4_cl70,136,105,132
S9a,HGV2_418,KL102,O12,seg4_cl70,6,135,6
S9a,Kpcas024,K39,O3γ,seg4_cl70,1,64,1
S9a,NTUH,K1,"O1αβ,2β",seg4_cl70,11,105,11
A1a,102KP-HG,KL151,O4,laptop_repro,126,83,96
A1a,218KP-HG,KL151,O4,laptop_repro,126,83,96
A1a,HAV1_14,KL151,O4,laptop_repro,126,83,96
A1a,Kpcas042,KL151,O4,laptop_repro,126,83,96
A1b,HGV2C_14,KL157,O2α,laptop_repro,1,9,1
A1c,HGV2C_08,K1,"O1αβ,2β",laptop_repro,1,1,1
A1c,HGV2C_36_contigs,,,laptop_repro,,,
A1c,NTUH,K1,"O1αβ,2β",laptop_repro,1,1,1
A1d,HCV1_33,K20,O2α,laptop_repro,46,58,79
A1d,HGV2C_37,K20,O2α,laptop_repro,46,58,79
A1d,KP_HGUA02_092,K20,O2α,laptop_repro,46,58,79
A1g,HGV2C_34,K16,"O1αβ,2α",laptop_repro,105,53,81
A1g,HGV2_371,K16,"O1αβ,2α",laptop_repro,105,53,81
A1g,KP_HGE01_025,K16,"O1αβ,2α",laptop_repro,105,53,81
A1g,KP_HGUA03_117,K16,"O1αβ,2α",laptop_repro,105,53,81
A1h,156KP-HG,K13,O3γ,laptop_repro,9,94,84
A1h,HCV1_36,K2,"O1αβ,2β",laptop_repro,16,64,66
A1h,HGV2C_02,K2,"O1αβ,2α",laptop_repro,16,1,1
A1h,HGV2_332,K13,O3γ,laptop_repro,9,94,84
A1h,HGV2_341,K13,O3γ,laptop_repro,9,94,84
A1h,HGV2_370,K13,O3γ,laptop_repro,9,94,84
A1h,HGV2_400,K13,O3γ,laptop_repro,9,94,84
A1h,KP_HGUA02_074,K2,"O1αβ,2α",laptop_repro,16,1,1
A1h,Moliner_02,K13,O3γ,laptop_repro,9,94,84
A1h,Moliner_08,K13,O3γ,laptop_repro,9,94,84
A1i,KP_HGUA02_059,KL126,O13,laptop_repro,57,117,126
A1j,HGV2C_21,K61,O5,laptop_repro,4,28,4
A1j,KP_HGUA02_059,KL126,O13,laptop_repro,129,117,128
A1k,1210,K22,"O1αβ,2α",laptop_repro,23,37,45
A1k,255KP-HG,K22,"O1αβ,2α",laptop_repro,23,37,45
A1l,1210,K22,"O1αβ,2α",laptop_repro,66,21,62
A1l,255KP-HG,K22,"O1αβ,2α",laptop_repro,66,21,62
A1m,1210,K22,"O1αβ,2α",laptop_repro,23,80,85
A1m,255KP-HG,K22,"O1αβ,2α",laptop_repro,23,80,85
A1n,1210,K22,"O1αβ,2α",laptop_repro,124,19,45
A1n,255KP-HG,K22,"O1αβ,2α",laptop_repro,124,19,45
A1o,1210,K22,"O1αβ,2α",laptop_repro,23,53,67
A1o,255KP-HG,K22,"O1αβ,2α",laptop_repro,23,53,67
A1p,1210,K22,"O1αβ,2α",laptop_repro,124,19,45
A1p,255KP-HG,K22,"O1αβ,2α",laptop_repro,124,19,45
A1q,1210,K22,"O1αβ,2α",laptop_repro,36,1,1
A1q,255KP-HG,K22,"O1αβ,2α",laptop_repro,36,1,1
A1r,1210,K22,"O1αβ,2α",laptop_repro,23,53,68
A1r,255KP-HG,K22,"O1αβ,2α",laptop_repro,23,53,68
A2a,KP_HGUA02_059,KL126,O13,laptop_repro,121,52,57
A2a_b,KP_HGUA02_059,KL126,O13,laptop_repro,119,79,81
A2b,KP_HGUA02_059,KL126,O13,laptop_repro,125,52,57
A3b,HGV2C_18,K30,"O1αβ,2α",laptop_repro,15,39,50
A3c,HGV2C_21,K61,O5,laptop_repro,14,17,26
A3d,HGV2C_21,K61,O5,laptop_repro,16,7,10
A3d,KP_HGUA02_071,KL134,O3αβ,laptop_repro,109,1,4
D7a,102KP-HG,KL151,O4,laptop_repro,16,101,28
D7b,102KP-HG,KL151,O4,laptop_repro,46,119,103
D7b,HGV2C_11,KL140,"O1αβ,2β",laptop_repro,1,79,1
D7b,HGV2C_13,KL140,O2β,laptop_repro,1,97,1
D7b,KP_HGE01_004,KL140,O2β,laptop_repro,1,97,1
D7b,KP_HGE01_005,KL122,O2β,laptop_repro,81,97,121
D7b,KP_HGE01_029,KL140,O2β,laptop_repro,1,97,1
K10PH82C1,ERS706553,K10,"O1αβ,2α",laptop_repro,8,24,24
K11PH164C1,ERS523589,K57,O5,laptop_repro,14,27,27
K11PH164C1,ERS659571,K11,O3αβ,laptop_repro,41,4,5
K12P1_1,ERS706554,K12,"O1αβ,2α",laptop_repro,6,13,16
K12P1_1,K28,,,laptop_repro,,,
K12P1_1,K69,,,laptop_repro,,,
K13PH07C1L,ERS706555,K13,"O1αβ,2α",laptop_repro,13,19,28
K13PH07C1S,ERS706555,K13,"O1αβ,2α",laptop_repro,13,19,28
K14PH164C1,ERS743101,K14,O5,laptop_repro,3,35,18
K15PH90,ERS799795,null,O4,laptop_repro,,1,1
K16PH164C3,ERS799796,K16,"O1αβ,2α",laptop_repro,15,10,13
K17alfa61,ERS764450,K17,O4,laptop_repro,3,44,26
K17alfa62,ERS718584,null,"O1αβ,2α",laptop_repro,,1,2
K17alfa62,ERS764450,K17,O4,laptop_repro,1,54,1
K18PH07C1,ERS706554,K12,"O1αβ,2α",laptop_repro,44,1,4
K18PH07C1,ERS764451,K18,"O1αβ,2α",laptop_repro,3,1,3
K19PH14C4P1,ERS659571,K11,O3αβ,laptop_repro,,,
K19PH14C4P1,ERS686707,K19,"O1αβ,2β",laptop_repro,,,
K19PH14C4P1,K28,,,laptop_repro,,,
K19PH14C4P1,K69,,,laptop_repro,,,
K1PH164C1,ERS739095,K1,"O1αβ,2α",laptop_repro,1,19,1
K1lambda5,ERS718583,K54,O3αβ,laptop_repro,,,
K1lambda5,ERS739095,K1,"O1αβ,2α",laptop_repro,,,
K2064PH2,ERS659571,K11,O3αβ,laptop_repro,8,8,11
K2064PH2,ERS659577,K74,OL15,laptop_repro,24,50,33
K2064PH2,ERS686706,K64,"O1αβ,2α",laptop_repro,1,24,1
K2064PH2,ERS686707,K19,"O1αβ,2β",laptop_repro,7,45,20
K2064PH2,ERS686708,K33,O3γ,laptop_repro,45,1,2
K2064PH2,ERS686709,K35,O2αγ,laptop_repro,9,55,21
K2064PH2,ERS686710,null,"O1αβ,2β",laptop_repro,,45,59
K2064PH2,ERS702130,K60,O5,laptop_repro,21,15,23
K2064PH2,ERS702131,K63,"O1αβ,2β",laptop_repro,53,45,55
K2064PH2,ERS706554,K12,"O1αβ,2α",laptop_repro,39,24,45
K2064PH2,ERS718584,null,"O1αβ,2α",laptop_repro,,24,57
K2064PH2,ERS743101,K14,O5,laptop_repro,2,15,6
K2064PH2,K21,,,laptop_repro,,,
K2064PH2,K27,,,laptop_repro,,,
K2064PH2,K28,,,laptop_repro,,,
K2064PH2,K69,,,laptop_repro,,,
K2064PH2,K70,,,laptop_repro,,,
K2069PH1,ERS686706,K64,"O1αβ,2α",laptop_repro,1,28,1
K2069PH1,ERS686707,K19,"O1αβ,2β",laptop_repro,8,45,20
K2069PH1,ERS686708,K33,O3γ,laptop_repro,48,1,2
K2069PH1,ERS686709,K35,O2αγ,laptop_repro,13,55,23
K2069PH1,ERS686710,null,"O1αβ,2β",laptop_repro,,45,59
K2069PH1,ERS718584,null,"O1αβ,2α",laptop_repro,,28,58
K2069PH1,K27,,,laptop_repro,,,
K2069PH1,K28,,,laptop_repro,,,
K2069PH1,K69,,,laptop_repro,,,
K2069PH1,K70,,,laptop_repro,,,
K2069PH2,ERS686706,K64,"O1αβ,2α",laptop_repro,,,
K2069PH2,ERS718584,null,"O1αβ,2α",laptop_repro,,,
K2069PH2,K69,,,laptop_repro,,,
K2069PH2,K70,,,laptop_repro,,,
K2069PH2,K72,,,laptop_repro,,,
K21lambda1,K21,,,laptop_repro,,,
K22PH164C1,ERS715468,K22,"O1αβ,2α",laptop_repro,,,
K22PH164C1,ERS799798,K37,"O1αβ,2α",laptop_repro,,,
K23PH08C2,ERS715401,K58,O3αβ,laptop_repro,54,34,35
K23PH08C2,ERS718583,K54,O3αβ,laptop_repro,39,34,35
K23PH08C2,K23,,,laptop_repro,,,
K24PH164C1,ERS747612,K24,"O1αβ,2α",laptop_repro,,,
K25PH129C1,ERS685293,K25,O3αβ,laptop_repro,4,24,9
K26PH128C1,ERS659577,K74,OL15,laptop_repro,,,
K26PH128C1,ERS799797,K26,OL15,laptop_repro,,,
K27PH129C1,K27,,,laptop_repro,,,
K28PH129,K28,,,laptop_repro,,,
K28PH129,K69,,,laptop_repro,,,
K29PH164C1,ERS659578,K74,OL15,laptop_repro,9,1,2
K29PH164C1,ERS702127,K29,OL15,laptop_repro,6,1,2
K29PH164C1,ERS718584,null,"O1αβ,2α",laptop_repro,,6,10
K29PH164C1,ERS747612,K24,"O1αβ,2α",laptop_repro,11,6,10
K29PH164C1,K2,,,laptop_repro,,,
K29PH164C1,K69,,,laptop_repro,,,
K2PH164C1,K2,,,laptop_repro,,,
K2PH164C1,sampleK3,K3,O2α,laptop_repro,7,33,25
K2PH164C2,ERS706555,K13,"O1αβ,2α",laptop_repro,17,1,1
K2PH164C2,K2,,,laptop_repro,,,
K2PH164C2,sampleK3,K3,O2α,laptop_repro,22,34,38
K2alfa62,ERS706555,K13,"O1αβ,2α",laptop_repro,33,1,2
K2alfa62,K2,,,laptop_repro,,,
K2alfa62,sampleK3,K3,O2α,laptop_repro,18,33,36
K30lambda2,ERS659571,K11,O3αβ,laptop_repro,12,22,24
K30lambda2,ERS659579,K80,O12,laptop_repro,51,36,39
K30lambda2,ERS686706,K64,"O1αβ,2α",laptop_repro,4,5,8
K30lambda2,ERS686709,K35,O2αγ,laptop_repro,26,55,53
K30lambda2,ERS701896,K31,O3γ,laptop_repro,18,44,47
K30lambda2,ERS702127,K29,OL15,laptop_repro,25,49,52
K30lambda2,ERS702129,null,O10,laptop_repro,,54,58
K30lambda2,ERS702132,K65,O12,laptop_repro,48,36,39
K30lambda2,ERS706552,K8,"O1αβ,2β",laptop_repro,31,29,33
K30lambda2,ERS706555,K13,"O1αβ,2α",laptop_repro,19,5,8
K30lambda2,ERS715399,K30,"O1αβ,2α",laptop_repro,33,5,8
K30lambda2,ERS715469,K47,"O1αβ,2α",laptop_repro,35,5,8
K30lambda2,ERS715473,K68,O2α,laptop_repro,15,33,36
K30lambda2,ERS736962,K32,O2αγ,laptop_repro,46,55,57
K30lambda2,ERS743101,K14,O5,laptop_repro,28,39,42
K30lambda2,ERS744787,K44,"O1αβ,2γ",laptop_repro,55,58,61
K30lambda2,ERS764452,K36,O4,laptop_repro,44,1,4
K30lambda2,ERS799797,K26,OL15,laptop_repro,22,49,49
K30lambda2,K21,,,laptop_repro,,,
K30lambda2,K52,,,laptop_repro,,,
K30lambda2,K67,,,laptop_repro,,,
K30lambda2,K69,,,laptop_repro,,,
K31PH164,ERS701896,K31,O3γ,laptop_repro,,,
K31PH164,ERS715468,K22,"O1αβ,2α",laptop_repro,,,
K31PH164,ERS799798,K37,"O1αβ,2α",laptop_repro,,,
K32PH164C1,ERS702129,null,O10,laptop_repro,,49,57
K32PH164C1,ERS736962,K32,O2αγ,laptop_repro,45,55,56
K33PH14C2,ERS659571,K11,O3αβ,laptop_repro,10,8,11
K33PH14C2,ERS686708,K33,O3γ,laptop_repro,43,1,2
K33PH14C2,ERS686709,K35,O2αγ,laptop_repro,8,51,24
K33PH14C2,K28,,,laptop_repro,,,
K34PH164,ERS523587,K2,"O1αβ,2α",laptop_repro,11,12,14
K34PH164,ERS659571,K11,O3αβ,laptop_repro,25,6,6
K34PH164,ERS686706,K64,"O1αβ,2α",laptop_repro,8,12,14
K34PH164,ERS702130,K60,O5,laptop_repro,39,1,1
K34PH164,ERS706552,K8,"O1αβ,2β",laptop_repro,16,51,34
K34PH164,ERS715409,K34,"O1αβ,2α",laptop_repro,44,12,14
K34PH164,ERS715470,K49,O3αβ,laptop_repro,51,6,6
K34PH164,ERS715473,K68,O2α,laptop_repro,18,34,38
K34PH164,K69,,,laptop_repro,,,
K35PH164C3,ERS686709,K35,O2αγ,laptop_repro,25,51,46
K35PH164C3,ERS715399,K30,"O1αβ,2α",laptop_repro,4,17,15
K35PH164C3,ERS764452,K36,O4,laptop_repro,15,54,28
K35PH164C3,K2,,,laptop_repro,,,
K36PH128C2B,ERS686710,null,"O1αβ,2β",laptop_repro,,,
K36PH128C2B,ERS715399,K30,"O1αβ,2α",laptop_repro,,,
K36PH128C2B,ERS715410,K38,"O1αβ,2α",laptop_repro,,,
K36PH128C2B,ERS715472,K59,O2αγ,laptop_repro,,,
K36PH128C2B,ERS764452,K36,O4,laptop_repro,,,
K37PH164C1,ERS706555,K13,"O1αβ,2α",laptop_repro,,,
K37PH164C1,ERS715468,K22,"O1αβ,2α",laptop_repro,,,
K37PH164C1,ERS799798,K37,"O1αβ,2α",laptop_repro,,,
K37PH164C1,K2,,,laptop_repro,,,
K37PH164C1,sampleK3,K3,O2α,laptop_repro,,,
K37PH164C1,sampleK4,K4,"O11αβ,2α",laptop_repro,,,
K38PH09C2,ERS715410,K38,"O1αβ,2α",laptop_repro,,,
K39PH122C2,ERS686710,null,"O1αβ,2β",laptop_repro,,14,16
K39PH122C2,ERS764452,K36,O4,laptop_repro,9,46,38
K3PH164,K2,,,laptop_repro,,,
K3PH164,sampleK3,K3,O2α,laptop_repro,,,
K40PH129C1,K40,,,laptop_repro,,,
K41P2,ERS686710,null,"O1αβ,2β",laptop_repro,,,
K41P2,ERS686711,K41,O13,laptop_repro,,,
K42PH8,ERS685294,K42,O4,laptop_repro,,,
K42PH8,ERS764452,K36,O4,laptop_repro,,,
K43PH164C1,ERS747611,K43,O2α,laptop_repro,3,1,2
K43PH164C1,ERS764452,K36,O4,laptop_repro,14,45,34
K44PH129C1,ERS744787,K44,"O1αβ,2γ",laptop_repro,,,
K44PH129C1,ERS799798,K37,"O1αβ,2α",laptop_repro,,,
K45PH128C2,ERS799798,K37,"O1αβ,2α",laptop_repro,10,5,7
K45PH128C2,K45,,,laptop_repro,,,
K45PH128C2,K71,,,laptop_repro,,,
K46PH129,ERS702128,K46,"O1αβ,2α",laptop_repro,12,17,16
K47PH6,ERS715469,K47,"O1αβ,2α",laptop_repro,,,
K48PH164C1,K48,,,laptop_repro,,,
K49PH164C2,ERS659571,K11,O3αβ,laptop_repro,38,1,2
K49PH164C2,ERS702129,null,O10,laptop_repro,,28,44
K49PH164C2,ERS702130,K60,O5,laptop_repro,11,7,10
K49PH164C2,ERS715470,K49,O3αβ,laptop_repro,49,1,2
K49PH164C2,K53,,,laptop_repro,,,
K4PH164,K52,,,laptop_repro,,,
K4PH164,sampleK4,K4,"O11αβ,2α",laptop_repro,,,
K50PH164C1,ERS686706,K64,"O1αβ,2α",laptop_repro,1,12,1
K50PH164C1,ERS715471,null,O3γ,laptop_repro,,29,29
K50PH164C1,ERS747611,K43,O2α,laptop_repro,34,33,35
K50PH164C1,K69,,,laptop_repro,,,
K51PH129C1,ERS706556,K51,O3γ,laptop_repro,4,47,24
K52PH129C1,ERS686707,K19,"O1αβ,2β",laptop_repro,33,37,45
K52PH129C1,ERS686708,K33,O3γ,laptop_repro,37,1,1
K52PH129C1,ERS686710,null,"O1αβ,2β",laptop_repro,,37,48
K52PH129C1,ERS715409,K34,"O1αβ,2α",laptop_repro,54,16,28
K52PH129C1,ERS718584,null,"O1αβ,2α",laptop_repro,,16,28
K52PH129C1,K28,,,laptop_repro,,,
K52PH129C1,K52,,,laptop_repro,,,
K52PH129C1,K69,,,laptop_repro,,,
K53PH164C2,K53,,,laptop_repro,,,
K54lambda1,ERS715401,K58,O3αβ,laptop_repro,54,35,35
K54lambda1,ERS718583,K54,O3αβ,laptop_repro,41,35,35
K54lambda1,ERS747612,K24,"O1αβ,2α",laptop_repro,1,1,1
K54lambda2,ERS718583,K54,O3αβ,laptop_repro,10,18,18
K55P2_1,ERS715400,K55,O3αβ,laptop_repro,,,
K55P2_1,K70,,,laptop_repro,,,
K56PH164C1,ERS702129,null,O10,laptop_repro,,36,37
K57lambda1,ERS523589,K57,O5,laptop_repro,8,5,10
K57lambda1,ERS715473,K68,O2α,laptop_repro,1,1,1
K58PH129C2,ERS715401,K58,O3αβ,laptop_repro,54,1,4
K59PH2,ERS659581,K82,O12,laptop_repro,,,
K59PH2,ERS715399,K30,"O1αβ,2α",laptop_repro,,,
K59PH2,ERS715472,K59,O2αγ,laptop_repro,,,
K59PH2,ERS764452,K36,O4,laptop_repro,,,
K5lamda5,ERS812516,K5,"O11αβ,2α",laptop_repro,,,
K60PH164C1,ERS702130,K60,O5,laptop_repro,2,1,2
K60PH164C1,ERS764451,K18,"O1αβ,2α",laptop_repro,1,6,1
K61PH164C1,ERS685295,K61,O5,laptop_repro,4,19,17
K61PH164C1,K67,,,laptop_repro,,,
K62PH164C2,ERS659578,K74,OL15,laptop_repro,7,1,2
K62PH164C2,ERS686706,K64,"O1αβ,2α",laptop_repro,4,6,8
K62PH164C2,ERS702127,K29,OL15,laptop_repro,3,1,2
K62PH164C2,ERS702132,K65,O12,laptop_repro,28,54,47
K62PH164C2,ERS715473,K68,O2α,laptop_repro,1,34,1
K62PH164C2,ERS718584,null,"O1αβ,2α",laptop_repro,,6,9
K62PH164C2,K69,,,laptop_repro,,,
K63PH128,ERS702131,K63,"O1αβ,2β",laptop_repro,47,28,35
K64PH164C4,ERS686706,K64,"O1αβ,2α",laptop_repro,,,
K64PH164C4,ERS702132,K65,O12,laptop_repro,,,
K65PH164,ERS523589,K57,O5,laptop_repro,7,30,30
K65PH164,ERS659578,K74,OL15,laptop_repro,9,38,35
K65PH164,ERS659579,K80,O12,laptop_repro,50,35,38
K65PH164,ERS659580,K35,O5,laptop_repro,34,30,30
K65PH164,ERS686706,K64,"O1αβ,2α",laptop_repro,3,6,6
K65PH164,ERS686707,K19,"O1αβ,2β",laptop_repro,38,1,2
K65PH164,ERS686709,K35,O2αγ,laptop_repro,34,55,54
K65PH164,ERS686711,K41,O13,laptop_repro,11,54,37
K65PH164,ERS701896,K31,O3γ,laptop_repro,20,23,23
K65PH164,ERS702127,K29,OL15,laptop_repro,42,38,42
K65PH164,ERS702129,null,O10,laptop_repro,,49,55
K65PH164,ERS702130,K60,O5,laptop_repro,30,30,30
K65PH164,ERS702132,K65,O12,laptop_repro,44,35,38
K65PH164,ERS706552,K8,"O1αβ,2β",laptop_repro,12,1,2
K65PH164,ERS706554,K12,"O1αβ,2α",laptop_repro,54,6,6
K65PH164,ERS715400,K55,O3αβ,laptop_repro,27,43,45
K65PH164,ERS715469,K47,"O1αβ,2α",laptop_repro,6,6,6
K65PH164,ERS715470,K49,O3αβ,laptop_repro,48,43,45
K65PH164,ERS715471,null,O3γ,laptop_repro,,23,23
K65PH164,ERS715472,K59,O2αγ,laptop_repro,,55,62
K65PH164,ERS718584,null,"O1αβ,2α",laptop_repro,,6,6
K65PH164,ERS736962,K32,O2αγ,laptop_repro,46,55,59
K65PH164,ERS743101,K14,O5,laptop_repro,41,30,30
K65PH164,ERS747611,K43,O2α,laptop_repro,36,27,27
K65PH164,ERS764451,K18,"O1αβ,2α",laptop_repro,29,6,6
K65PH164,ERS764452,K36,O4,laptop_repro,15,50,41
K65PH164,ERS799795,null,O4,laptop_repro,,50,57
K65PH164,ERS799796,K16,"O1αβ,2α",laptop_repro,39,6,6
K65PH164,ERS799797,K26,OL15,laptop_repro,32,38,42
K65PH164,K21,,,laptop_repro,,,
K65PH164,K27,,,laptop_repro,,,
K65PH164,K28,,,laptop_repro,,,
K65PH164,K48,,,laptop_repro,,,
K65PH164,K53,,,laptop_repro,,,
K65PH164,K67,,,laptop_repro,,,
K65PH164,K69,,,laptop_repro,,,
K65PH164,K70,,,laptop_repro,,,
K65PH164,K72,,,laptop_repro,,,
K66PH128C1,ERS702133,null,OL15,laptop_repro,,45,55
K68QB,ERS686706,K64,"O1αβ,2α",laptop_repro,,,
K68QB,ERS686709,K35,O2αγ,laptop_repro,,,
K68QB,ERS701896,K31,O3γ,laptop_repro,,,
K68QB,ERS702127,K29,OL15,laptop_repro,,,
K68QB,ERS702129,null,O10,laptop_repro,,,
K68QB,ERS706552,K8,"O1αβ,2β",laptop_repro,,,
K68QB,ERS715473,K68,O2α,laptop_repro,,,
K68QB,ERS736962,K32,O2αγ,laptop_repro,,,
K68QB,ERS764452,K36,O4,laptop_repro,,,
K69PH164C2,ERS686708,K33,O3γ,laptop_repro,48,1,4
K69PH164C2,ERS686710,null,"O1αβ,2β",laptop_repro,,37,41
K69PH164C2,ERS702127,K29,OL15,laptop_repro,35,50,52
K69PH164C2,ERS706554,K12,"O1αβ,2α",laptop_repro,39,5,7
K69PH164C2,ERS715400,K55,O3αβ,laptop_repro,24,25,26
K69PH164C2,K27,,,laptop_repro,,,
K69PH164C2,K28,,,laptop_repro,,,
K69PH164C2,K69,,,laptop_repro,,,
K6PH25C3,ERS706552,K8,"O1αβ,2β",laptop_repro,17,43,37
K6PH25C3,ERS739094,K6,"O11αβ,2α",laptop_repro,45,59,58
K70PH128C1,ERS659571,K11,O3αβ,laptop_repro,,,
K70PH128C1,ERS686707,K19,"O1αβ,2β",laptop_repro,,,
K70PH128C1,ERS702127,K29,OL15,laptop_repro,,,
K70PH128C1,ERS715470,K49,O3αβ,laptop_repro,,,
K70PH128C1,K69,,,laptop_repro,,,
K70PH128C1,K70,,,laptop_repro,,,
K71PH129C1,ERS702130,K60,O5,laptop_repro,24,1,1
K71PH129C1,K71,,,laptop_repro,,,
K72PH164C2,K72,,,laptop_repro,,,
K74PH129C2,ERS659577,K74,OL15,laptop_repro,4,15,12
K74PH129C2,ERS702131,K63,"O1αβ,2β",laptop_repro,33,46,50
K74PH129C2,K40,,,laptop_repro,,,
K79PH164C1,ERS659578,K74,OL15,laptop_repro,,,
K7PH164C2,ERS706552,K8,"O1αβ,2β",laptop_repro,,,
K7PH164C3,ERS706552,K8,"O1αβ,2β",laptop_repro,,,
K7PH164C4,ERS523589,K57,O5,laptop_repro,40,39,42
K7PH164C4,ERS659571,K11,O3αβ,laptop_repro,15,22,24
K7PH164C4,ERS686706,K64,"O1αβ,2α",laptop_repro,3,5,7
K7PH164C4,ERS686709,K35,O2αγ,laptop_repro,27,55,50
K7PH164C4,ERS686710,null,"O1αβ,2β",laptop_repro,,31,35
K7PH164C4,ERS701896,K31,O3γ,laptop_repro,19,45,48
K7PH164C4,ERS702127,K29,OL15,laptop_repro,26,49,49
K7PH164C4,ERS702128,K46,"O1αβ,2α",laptop_repro,7,5,7
K7PH164C4,ERS702129,null,O10,laptop_repro,,54,59
K7PH164C4,ERS702130,K60,O5,laptop_repro,35,39,42
K7PH164C4,ERS702132,K65,O12,laptop_repro,49,28,31
K7PH164C4,ERS706552,K8,"O1αβ,2β",laptop_repro,32,31,35
K7PH164C4,ERS706555,K13,"O1αβ,2α",laptop_repro,25,5,7
K7PH164C4,ERS715399,K30,"O1αβ,2α",laptop_repro,34,5,7
K7PH164C4,ERS715469,K47,"O1αβ,2α",laptop_repro,33,5,7
K7PH164C4,ERS715473,K68,O2α,laptop_repro,11,36,39
K7PH164C4,ERS718583,K54,O3αβ,laptop_repro,24,22,24
K7PH164C4,ERS743101,K14,O5,laptop_repro,23,39,42
K7PH164C4,ERS764452,K36,O4,laptop_repro,41,1,3
K7PH164C4,ERS799797,K26,OL15,laptop_repro,30,49,53
K7PH164C4,K21,,,laptop_repro,,,
K7PH164C4,K27,,,laptop_repro,,,
K7PH164C4,K45,,,laptop_repro,,,
K7PH164C4,K52,,,laptop_repro,,,
K7PH164C4,K69,,,laptop_repro,,,
K7PH164C4,K70,,,laptop_repro,,,
K80P2,ERS659579,K80,O12,laptop_repro,,,
K81P1,ERS659580,K35,O5,laptop_repro,,,
K82P1,ERS659581,K82,O12,laptop_repro,38,45,51
K8PH128,ERS523587,K2,"O1αβ,2α",laptop_repro,24,21,28
K8PH128,ERS739095,K1,"O1αβ,2α",laptop_repro,1,21,1
K9PH25C2,ERS747603,K9,O2β,laptop_repro,1,37,1
M12a,HGV2C_28,KL139,O3γ,laptop_repro,4,36,12
M5a,HGV2_430,KL103,O13,laptop_repro,106,85,93
M5a,KP_HGUA02_099,KL103,O13,laptop_repro,106,85,93
M5b,1210,K22,"O1αβ,2α",laptop_repro,2,1,2
M5b,255KP-HG,K22,"O1αβ,2α",laptop_repro,2,1,2
P4a,HGV2C_11,KL140,"O1αβ,2β",laptop_repro,5,60,5
P4a,HGV2C_13,KL140,O2β,laptop_repro,5,1,5
P4a,KP_HGE01_004,KL140,O2β,laptop_repro,5,1,5
P4a,KP_HGE01_029,KL140,O2β,laptop_repro,5,1,5
P4b,HGV2C_11,KL140,"O1αβ,2β",laptop_repro,5,87,26
P4b,HGV2C_13,KL140,O2β,laptop_repro,5,1,5
P4b,KP_HGE01_004,KL140,O2β,laptop_repro,5,1,5
P4b,KP_HGE01_029,KL140,O2β,laptop_repro,5,1,5
S10a,HCV1_26,K25,O5,laptop_repro,1,1,1
S10a,HGUA4_51,K24,"O1αβ,2α",laptop_repro,88,47,48
S10a,KP_HGUA03_124,K25,O5,laptop_repro,1,1,1
S11a,HCV1_26,K25,O5,laptop_repro,1,28,1
S11a,HGUA4_08,K25,"O1αβ,2α",laptop_repro,1,1,1
S11a,HGUA4_51,K24,"O1αβ,2α",laptop_repro,49,1,6
S11a,KP_HGUA03_124,K25,O5,laptop_repro,1,28,1
S13a,779,KL102,O2β,laptop_repro,78,116,99
S13a,CU443,KL102,O2β,laptop_repro,78,116,99
S13a,CU448,KL102,O2β,laptop_repro,78,116,99
S13a,CU451,KL102,O2β,laptop_repro,78,116,99
S13a,HCV1_10,KL149,"O1αβ,2β",laptop_repro,58,42,50
S13a,HGV2_418,KL102,O12,laptop_repro,78,58,82
S13b,HCV1_24,K63,"O1αβ,2β",laptop_repro,117,49,91
S13c,779,KL102,O2β,laptop_repro,,,
S13c,CU443,KL102,O2β,laptop_repro,,,
S13c,CU448,KL102,O2β,laptop_repro,,,
S13c,CU451,KL102,O2β,laptop_repro,,,
S13c,HCV1_10,KL149,"O1αβ,2β",laptop_repro,,,
S13c,HGV2_418,KL102,O12,laptop_repro,,,
S13d,HCV1_27,K14,O3γ,laptop_repro,1,1,1
S13d,HGUA4_15,K14,O5,laptop_repro,1,28,1
S13d,HGV2C_20,K14,O3γ,laptop_repro,1,1,1
S13d,HGV2C_33,K14,O3γ,laptop_repro,1,1,1
S13f,218KP-HG,KL151,O4,laptop_repro,115,124,134
S13f,HCV1_42,K62,"O1αβ,2β",laptop_repro,88,11,13
S13f,KP_HGUA02_055,K62,O2α,laptop_repro,88,1,3
S13f,KP_HGUA02_066,K62,O2α,laptop_repro,88,1,3
S6a,102KP-HG,KL151,O4,laptop_repro,49,117,112
S6a,218KP-HG,KL151,O4,laptop_repro,49,117,112
S6a,HAV1_14,KL151,O4,laptop_repro,49,117,112
S6a,Kpcas042,KL151,O4,laptop_repro,49,117,112
S8a,102KP-HG,KL151,O4,laptop_repro,91,11,50
S8a,156KP-HG,K13,O3γ,laptop_repro,33,25,43
S8a,HAV1_13,K46,O3γ,laptop_repro,74,25,65
S8a,HCV1_19,K3,"O1αβ,2β",laptop_repro,98,122,123
S8a,HGV2C_18,K30,"O1αβ,2α",laptop_repro,44,73,64
S8a,KP_HGUA02_064,K46,O3γ,laptop_repro,74,25,65
S8a,KP_HGUA02_092,K20,O2α,laptop_repro,87,63,100
S8b,102KP-HG,KL151,O4,laptop_repro,99,46,77
S8b,132,K39,"O1αβ,2α",laptop_repro,50,95,81
S8b,218KP-HG,KL151,O4,laptop_repro,99,46,77
S8b,CU293,K39,"O1αβ,2α",laptop_repro,50,95,81
S8b,HAV1_14,KL151,O4,laptop_repro,99,46,77
S8b,HCV1_24,K63,"O1αβ,2β",laptop_repro,110,122,134
S8b,HGUA4_15,K14,O5,laptop_repro,95,11,47
S8b,HGV2C_03,K81,"O1αβ,2β",laptop_repro,80,122,111
S8b,HGV2C_10,K25,O5,laptop_repro,18,11,28
S8b,HGV2_429,KL136,O2β,laptop_repro,71,73,105
S8b,KP_HGE01_003,K64,"O1αβ,2α",laptop_repro,10,95,20
S8b,KP_HGUA02_071,KL134,O3αβ,laptop_repro,135,1,1
S8b,Kpcas027,KL146,"O1αβ,2β",laptop_repro,125,122,137
S8b,Kpcas042,KL151,O4,laptop_repro,99,46,77
S8c,102KP-HG,KL151,O4,laptop_repro,133,75,110
S8c,132,K39,"O1αβ,2α",laptop_repro,96,48,96
S8c,228,K36,O4,laptop_repro,52,75,63
S8c,CU293,K39,"O1αβ,2α",laptop_repro,96,48,96
S8c,CU371,KL158,O3αβ,laptop_repro,137,3,8
S8c,HCV1_24,K63,"O1αβ,2β",laptop_repro,109,122,129
S8c,HGUA4_15,K14,O5,laptop_repro,60,13,71
S8c,HGV2C_18,K30,"O1αβ,2α",laptop_repro,7,48,14
S8c,HGV2C_33,K14,O3γ,laptop_repro,60,21,71
S8c,HGV2_370,K13,O3γ,laptop_repro,25,21,36
S8c,KP_HGE01_003,K64,"O1αβ,2α",laptop_repro,35,48,46
S8c,KP_HGE01_024,K7,O2β,laptop_repro,80,89,114
S8c,KP_HGE01_042,K64,O2α,laptop_repro,35,112,46
S8c,KP_HGUA02_054,K31,O3γ,laptop_repro,70,21,80
S8c,KP_HGUA02_064,K46,O3γ,laptop_repro,122,21,80
S8c,KP_HGUA02_071,KL134,O3αβ,laptop_repro,120,3,8
S8c,KP_HGUA02_089,K10,O3αβ,laptop_repro,1,3,1
S8c,Kpcas024,K39,O3γ,laptop_repro,96,21,80
S8c,Kpcas027,KL146,"O1αβ,2β",laptop_repro,132,122,136
S9a,132,K39,"O1αβ,2α",laptop_repro,1,21,1
S9a,1446,K39,"O1αβ,2α",laptop_repro,1,21,1
S9a,CU293,K39,"O1αβ,2α",laptop_repro,1,21,1
S9a,CU443,KL102,O2β,laptop_repro,20,58,59
S9a,CU448,KL102,O2β,laptop_repro,20,58,59
S9a,CU451,KL102,O2β,laptop_repro,20,58,59
S9a,HCV1_10,KL149,"O1αβ,2β",laptop_repro,94,1,9
S9a,HGV2_418,KL102,O12,laptop_repro,20,135,59
S9a,Kpcas024,K39,O3γ,laptop_repro,1,108,1
S9a,NTUH,K1,"O1αβ,2β",laptop_repro,16,1,9
A1a,102KP-HG,KL151,O4,highconf_pipeline_K_prott5_mean,1,88,1
A1a,218KP-HG,KL151,O4,highconf_pipeline_K_prott5_mean,1,88,1
A1a,HAV1_14,KL151,O4,highconf_pipeline_K_prott5_mean,1,88,1
A1a,Kpcas042,KL151,O4,highconf_pipeline_K_prott5_mean,1,88,1
A1b,HGV2C_14,KL157,O2α,highconf_pipeline_K_prott5_mean,,44,45
A1c,HGV2C_08,K1,"O1αβ,2β",highconf_pipeline_K_prott5_mean,27,56,60
A1c,HGV2C_36_contigs,,,highconf_pipeline_K_prott5_mean,,,
A1c,NTUH,K1,"O1αβ,2β",highconf_pipeline_K_prott5_mean,27,56,60
A1d,HCV1_33,K20,O2α,highconf_pipeline_K_prott5_mean,8,28,30
A1d,HGV2C_37,K20,O2α,highconf_pipeline_K_prott5_mean,8,28,30
A1d,KP_HGUA02_092,K20,O2α,highconf_pipeline_K_prott5_mean,8,28,30
A1g,HGV2C_34,K16,"O1αβ,2α",highconf_pipeline_K_prott5_mean,45,1,1
A1g,HGV2_371,K16,"O1αβ,2α",highconf_pipeline_K_prott5_mean,45,1,1
A1g,KP_HGE01_025,K16,"O1αβ,2α",highconf_pipeline_K_prott5_mean,45,1,1
A1g,KP_HGUA03_117,K16,"O1αβ,2α",highconf_pipeline_K_prott5_mean,45,1,1
A1h,156KP-HG,K13,O3γ,highconf_pipeline_K_prott5_mean,,93,113
A1h,HCV1_36,K2,"O1αβ,2β",highconf_pipeline_K_prott5_mean,1,1,1
A1h,HGV2C_02,K2,"O1αβ,2α",highconf_pipeline_K_prott5_mean,1,17,1
A1h,HGV2_332,K13,O3γ,highconf_pipeline_K_prott5_mean,,93,113
A1h,HGV2_341,K13,O3γ,highconf_pipeline_K_prott5_mean,,93,113
A1h,HGV2_370,K13,O3γ,highconf_pipeline_K_prott5_mean,,93,113
A1h,HGV2_400,K13,O3γ,highconf_pipeline_K_prott5_mean,,93,113
A1h,KP_HGUA02_074,K2,"O1αβ,2α",highconf_pipeline_K_prott5_mean,1,17,1
A1h,Moliner_02,K13,O3γ,highconf_pipeline_K_prott5_mean,,93,113
A1h,Moliner_08,K13,O3γ,highconf_pipeline_K_prott5_mean,,93,113
A1i,KP_HGUA02_059,KL126,O13,highconf_pipeline_K_prott5_mean,54,134,112
A1j,HGV2C_21,K61,O5,highconf_pipeline_K_prott5_mean,,83,90
A1j,KP_HGUA02_059,KL126,O13,highconf_pipeline_K_prott5_mean,61,134,127
A1k,1210,K22,"O1αβ,2α",highconf_pipeline_K_prott5_mean,,1,1
A1k,255KP-HG,K22,"O1αβ,2α",highconf_pipeline_K_prott5_mean,,1,1
A1l,1210,K22,"O1αβ,2α",highconf_pipeline_K_prott5_mean,,1,1
A1l,255KP-HG,K22,"O1αβ,2α",highconf_pipeline_K_prott5_mean,,1,1
A1m,1210,K22,"O1αβ,2α",highconf_pipeline_K_prott5_mean,,1,1
A1m,255KP-HG,K22,"O1αβ,2α",highconf_pipeline_K_prott5_mean,,1,1
A1n,1210,K22,"O1αβ,2α",highconf_pipeline_K_prott5_mean,,1,1
A1n,255KP-HG,K22,"O1αβ,2α",highconf_pipeline_K_prott5_mean,,1,1
A1o,1210,K22,"O1αβ,2α",highconf_pipeline_K_prott5_mean,,1,1
A1o,255KP-HG,K22,"O1αβ,2α",highconf_pipeline_K_prott5_mean,,1,1
A1p,1210,K22,"O1αβ,2α",highconf_pipeline_K_prott5_mean,,1,1
A1p,255KP-HG,K22,"O1αβ,2α",highconf_pipeline_K_prott5_mean,,1,1
A1q,1210,K22,"O1αβ,2α",highconf_pipeline_K_prott5_mean,,1,4
A1q,255KP-HG,K22,"O1αβ,2α",highconf_pipeline_K_prott5_mean,,1,4
A1r,1210,K22,"O1αβ,2α",highconf_pipeline_K_prott5_mean,,1,1
A1r,255KP-HG,K22,"O1αβ,2α",highconf_pipeline_K_prott5_mean,,1,1
A2a,KP_HGUA02_059,KL126,O13,highconf_pipeline_K_prott5_mean,56,75,85
A2a_b,KP_HGUA02_059,KL126,O13,highconf_pipeline_K_prott5_mean,76,73,90
A2b,KP_HGUA02_059,KL126,O13,highconf_pipeline_K_prott5_mean,73,119,119
A3b,HGV2C_18,K30,"O1αβ,2α",highconf_pipeline_K_prott5_mean,4,7,4
A3c,HGV2C_21,K61,O5,highconf_pipeline_K_prott5_mean,,76,80
A3d,HGV2C_21,K61,O5,highconf_pipeline_K_prott5_mean,,54,60
A3d,KP_HGUA02_071,KL134,O3αβ,highconf_pipeline_K_prott5_mean,22,113,118
D7a,102KP-HG,KL151,O4,highconf_pipeline_K_prott5_mean,30,115,59
D7b,102KP-HG,KL151,O4,highconf_pipeline_K_prott5_mean,56,124,127
D7b,HGV2C_11,KL140,"O1αβ,2β",highconf_pipeline_K_prott5_mean,1,1,1
D7b,HGV2C_13,KL140,O2β,highconf_pipeline_K_prott5_mean,1,17,1
D7b,KP_HGE01_004,KL140,O2β,highconf_pipeline_K_prott5_mean,1,17,1
D7b,KP_HGE01_005,KL122,O2β,highconf_pipeline_K_prott5_mean,,17,22
D7b,KP_HGE01_029,KL140,O2β,highconf_pipeline_K_prott5_mean,1,17,1
K10PH82C1,ERS706553,K10,"O1αβ,2α",highconf_pipeline_K_prott5_mean,16,6,8
K11PH164C1,ERS523589,K57,O5,highconf_pipeline_K_prott5_mean,18,42,47
K11PH164C1,ERS659571,K11,O3αβ,highconf_pipeline_K_prott5_mean,24,33,39
K12P1_1,ERS706554,K12,"O1αβ,2α",highconf_pipeline_K_prott5_mean,,1,2
K12P1_1,K28,,,highconf_pipeline_K_prott5_mean,,,
K12P1_1,K69,,,highconf_pipeline_K_prott5_mean,,,
K13PH07C1L,ERS706555,K13,"O1αβ,2α",highconf_pipeline_K_prott5_mean,,8,11
K13PH07C1S,ERS706555,K13,"O1αβ,2α",highconf_pipeline_K_prott5_mean,,8,11
K14PH164C1,ERS743101,K14,O5,highconf_pipeline_K_prott5_mean,1,1,1
K15PH90,ERS799795,null,O4,highconf_pipeline_K_prott5_mean,,1,1
K16PH164C3,ERS799796,K16,"O1αβ,2α",highconf_pipeline_K_prott5_mean,20,8,8
K17alfa61,ERS764450,K17,O4,highconf_pipeline_K_prott5_mean,2,51,2
K17alfa62,ERS718584,null,"O1αβ,2α",highconf_pipeline_K_prott5_mean,,1,2
K17alfa62,ERS764450,K17,O4,highconf_pipeline_K_prott5_mean,1,21,1
K18PH07C1,ERS706554,K12,"O1αβ,2α",highconf_pipeline_K_prott5_mean,,20,26
K18PH07C1,ERS764451,K18,"O1αβ,2α",highconf_pipeline_K_prott5_mean,,20,26
K19PH14C4P1,ERS659571,K11,O3αβ,highconf_pipeline_K_prott5_mean,,,
K19PH14C4P1,ERS686707,K19,"O1αβ,2β",highconf_pipeline_K_prott5_mean,,,
K19PH14C4P1,K28,,,highconf_pipeline_K_prott5_mean,,,
K19PH14C4P1,K69,,,highconf_pipeline_K_prott5_mean,,,
K1PH164C1,ERS739095,K1,"O1αβ,2α",highconf_pipeline_K_prott5_mean,12,1,1
K1lambda5,ERS718583,K54,O3αβ,highconf_pipeline_K_prott5_mean,,,
K1lambda5,ERS739095,K1,"O1αβ,2α",highconf_pipeline_K_prott5_mean,,,
K2064PH2,ERS659571,K11,O3αβ,highconf_pipeline_K_prott5_mean,27,1,1
K2064PH2,ERS659577,K74,OL15,highconf_pipeline_K_prott5_mean,14,21,27
K2064PH2,ERS686706,K64,"O1αβ,2α",highconf_pipeline_K_prott5_mean,5,41,11
K2064PH2,ERS686707,K19,"O1αβ,2β",highconf_pipeline_K_prott5_mean,11,16,21
K2064PH2,ERS686708,K33,O3γ,highconf_pipeline_K_prott5_mean,,12,17
K2064PH2,ERS686709,K35,O2αγ,highconf_pipeline_K_prott5_mean,1,38,7
K2064PH2,ERS686710,null,"O1αβ,2β",highconf_pipeline_K_prott5_mean,,16,21
K2064PH2,ERS702130,K60,O5,highconf_pipeline_K_prott5_mean,,7,13
K2064PH2,ERS702131,K63,"O1αβ,2β",highconf_pipeline_K_prott5_mean,19,16,21
K2064PH2,ERS706554,K12,"O1αβ,2α",highconf_pipeline_K_prott5_mean,,41,50
K2064PH2,ERS718584,null,"O1αβ,2α",highconf_pipeline_K_prott5_mean,,41,50
K2064PH2,ERS743101,K14,O5,highconf_pipeline_K_prott5_mean,23,7,13
K2064PH2,K21,,,highconf_pipeline_K_prott5_mean,,,
K2064PH2,K27,,,highconf_pipeline_K_prott5_mean,,,
K2064PH2,K28,,,highconf_pipeline_K_prott5_mean,,,
K2064PH2,K69,,,highconf_pipeline_K_prott5_mean,,,
K2064PH2,K70,,,highconf_pipeline_K_prott5_mean,,,
K2069PH1,ERS686706,K64,"O1αβ,2α",highconf_pipeline_K_prott5_mean,4,41,14
K2069PH1,ERS686707,K19,"O1αβ,2β",highconf_pipeline_K_prott5_mean,11,21,27
K2069PH1,ERS686708,K33,O3γ,highconf_pipeline_K_prott5_mean,,12,19
K2069PH1,ERS686709,K35,O2αγ,highconf_pipeline_K_prott5_mean,1,37,7
K2069PH1,ERS686710,null,"O1αβ,2β",highconf_pipeline_K_prott5_mean,,21,28
K2069PH1,ERS718584,null,"O1αβ,2α",highconf_pipeline_K_prott5_mean,,41,50
K2069PH1,K27,,,highconf_pipeline_K_prott5_mean,,,
K2069PH1,K28,,,highconf_pipeline_K_prott5_mean,,,
K2069PH1,K69,,,highconf_pipeline_K_prott5_mean,,,
K2069PH1,K70,,,highconf_pipeline_K_prott5_mean,,,
K2069PH2,ERS686706,K64,"O1αβ,2α",highconf_pipeline_K_prott5_mean,,,
K2069PH2,ERS718584,null,"O1αβ,2α",highconf_pipeline_K_prott5_mean,,,
K2069PH2,K69,,,highconf_pipeline_K_prott5_mean,,,
K2069PH2,K70,,,highconf_pipeline_K_prott5_mean,,,
K2069PH2,K72,,,highconf_pipeline_K_prott5_mean,,,
K21lambda1,K21,,,highconf_pipeline_K_prott5_mean,,,
K22PH164C1,ERS715468,K22,"O1αβ,2α",highconf_pipeline_K_prott5_mean,,,
K22PH164C1,ERS799798,K37,"O1αβ,2α",highconf_pipeline_K_prott5_mean,,,
K23PH08C2,ERS715401,K58,O3αβ,highconf_pipeline_K_prott5_mean,6,1,4
K23PH08C2,ERS718583,K54,O3αβ,highconf_pipeline_K_prott5_mean,1,1,1
K23PH08C2,K23,,,highconf_pipeline_K_prott5_mean,,,
K24PH164C1,ERS747612,K24,"O1αβ,2α",highconf_pipeline_K_prott5_mean,,,
K25PH129C1,ERS685293,K25,O3αβ,highconf_pipeline_K_prott5_mean,1,28,23
K26PH128C1,ERS659577,K74,OL15,highconf_pipeline_K_prott5_mean,,,
K26PH128C1,ERS799797,K26,OL15,highconf_pipeline_K_prott5_mean,,,
K27PH129C1,K27,,,highconf_pipeline_K_prott5_mean,,,
K28PH129,K28,,,highconf_pipeline_K_prott5_mean,,,
K28PH129,K69,,,highconf_pipeline_K_prott5_mean,,,
K29PH164C1,ERS659578,K74,OL15,highconf_pipeline_K_prott5_mean,13,24,32
K29PH164C1,ERS702127,K29,OL15,highconf_pipeline_K_prott5_mean,,24,34
K29PH164C1,ERS718584,null,"O1αβ,2α",highconf_pipeline_K_prott5_mean,,39,49
K29PH164C1,ERS747612,K24,"O1αβ,2α",highconf_pipeline_K_prott5_mean,,39,49
K29PH164C1,K2,,,highconf_pipeline_K_prott5_mean,,,
K29PH164C1,K69,,,highconf_pipeline_K_prott5_mean,,,
K2PH164C1,K2,,,highconf_pipeline_K_prott5_mean,,,
K2PH164C1,sampleK3,K3,O2α,highconf_pipeline_K_prott5_mean,14,37,37
K2PH164C2,ERS706555,K13,"O1αβ,2α",highconf_pipeline_K_prott5_mean,,5,8
K2PH164C2,K2,,,highconf_pipeline_K_prott5_mean,,,
K2PH164C2,sampleK3,K3,O2α,highconf_pipeline_K_prott5_mean,25,46,53
K2alfa62,ERS706555,K13,"O1αβ,2α",highconf_pipeline_K_prott5_mean,,1,2
K2alfa62,K2,,,highconf_pipeline_K_prott5_mean,,,
K2alfa62,sampleK3,K3,O2α,highconf_pipeline_K_prott5_mean,16,47,44
K30lambda2,ERS659571,K11,O3αβ,highconf_pipeline_K_prott5_mean,14,13,18
K30lambda2,ERS659579,K80,O12,highconf_pipeline_K_prott5_mean,,7,8
K30lambda2,ERS686706,K64,"O1αβ,2α",highconf_pipeline_K_prott5_mean,1,41,2
K30lambda2,ERS686709,K35,O2αγ,highconf_pipeline_K_prott5_mean,10,10,13
K30lambda2,ERS701896,K31,O3γ,highconf_pipeline_K_prott5_mean,,26,35
K30lambda2,ERS702127,K29,OL15,highconf_pipeline_K_prott5_mean,,31,39
K30lambda2,ERS702129,null,O10,highconf_pipeline_K_prott5_mean,,30,38
K30lambda2,ERS702132,K65,O12,highconf_pipeline_K_prott5_mean,,7,8
K30lambda2,ERS706552,K8,"O1αβ,2β",highconf_pipeline_K_prott5_mean,,37,47
K30lambda2,ERS706555,K13,"O1αβ,2α",highconf_pipeline_K_prott5_mean,,41,51
K30lambda2,ERS715399,K30,"O1αβ,2α",highconf_pipeline_K_prott5_mean,5,41,17
K30lambda2,ERS715469,K47,"O1αβ,2α",highconf_pipeline_K_prott5_mean,3,41,12
K30lambda2,ERS715473,K68,O2α,highconf_pipeline_K_prott5_mean,4,23,16
K30lambda2,ERS736962,K32,O2αγ,highconf_pipeline_K_prott5_mean,,10,13
K30lambda2,ERS743101,K14,O5,highconf_pipeline_K_prott5_mean,19,2,3
K30lambda2,ERS744787,K44,"O1αβ,2γ",highconf_pipeline_K_prott5_mean,,,
K30lambda2,ERS764452,K36,O4,highconf_pipeline_K_prott5_mean,26,19,24
K30lambda2,ERS799797,K26,OL15,highconf_pipeline_K_prott5_mean,,31,39
K30lambda2,K21,,,highconf_pipeline_K_prott5_mean,,,
K30lambda2,K52,,,highconf_pipeline_K_prott5_mean,,,
K30lambda2,K67,,,highconf_pipeline_K_prott5_mean,,,
K30lambda2,K69,,,highconf_pipeline_K_prott5_mean,,,
K31PH164,ERS701896,K31,O3γ,highconf_pipeline_K_prott5_mean,,,
K31PH164,ERS715468,K22,"O1αβ,2α",highconf_pipeline_K_prott5_mean,,,
K31PH164,ERS799798,K37,"O1αβ,2α",highconf_pipeline_K_prott5_mean,,,
K32PH164C1,ERS702129,null,O10,highconf_pipeline_K_prott5_mean,,30,38
K32PH164C1,ERS736962,K32,O2αγ,highconf_pipeline_K_prott5_mean,,10,13
K33PH14C2,ERS659571,K11,O3αβ,highconf_pipeline_K_prott5_mean,27,1,1
K33PH14C2,ERS686708,K33,O3γ,highconf_pipeline_K_prott5_mean,,13,18
K33PH14C2,ERS686709,K35,O2αγ,highconf_pipeline_K_prott5_mean,1,33,7
K33PH14C2,K28,,,highconf_pipeline_K_prott5_mean,,,
K34PH164,ERS523587,K2,"O1αβ,2α",highconf_pipeline_K_prott5_mean,4,27,11
K34PH164,ERS659571,K11,O3αβ,highconf_pipeline_K_prott5_mean,19,2,3
K34PH164,ERS686706,K64,"O1αβ,2α",highconf_pipeline_K_prott5_mean,1,27,1
K34PH164,ERS702130,K60,O5,highconf_pipeline_K_prott5_mean,,52,55
K34PH164,ERS706552,K8,"O1αβ,2β",highconf_pipeline_K_prott5_mean,,8,12
K34PH164,ERS715409,K34,"O1αβ,2α",highconf_pipeline_K_prott5_mean,,27,38
K34PH164,ERS715470,K49,O3αβ,highconf_pipeline_K_prott5_mean,,2,3
K34PH164,ERS715473,K68,O2α,highconf_pipeline_K_prott5_mean,18,12,17
K34PH164,K69,,,highconf_pipeline_K_prott5_mean,,,
K35PH164C3,ERS686709,K35,O2αγ,highconf_pipeline_K_prott5_mean,1,55,4
K35PH164C3,ERS715399,K30,"O1αβ,2α",highconf_pipeline_K_prott5_mean,25,4,6
K35PH164C3,ERS764452,K36,O4,highconf_pipeline_K_prott5_mean,6,40,28
K35PH164C3,K2,,,highconf_pipeline_K_prott5_mean,,,
K36PH128C2B,ERS686710,null,"O1αβ,2β",highconf_pipeline_K_prott5_mean,,,
K36PH128C2B,ERS715399,K30,"O1αβ,2α",highconf_pipeline_K_prott5_mean,,,
K36PH128C2B,ERS715410,K38,"O1αβ,2α",highconf_pipeline_K_prott5_mean,,,
K36PH128C2B,ERS715472,K59,O2αγ,highconf_pipeline_K_prott5_mean,,,
K36PH128C2B,ERS764452,K36,O4,highconf_pipeline_K_prott5_mean,,,
K37PH164C1,ERS706555,K13,"O1αβ,2α",highconf_pipeline_K_prott5_mean,,,
K37PH164C1,ERS715468,K22,"O1αβ,2α",highconf_pipeline_K_prott5_mean,,,
K37PH164C1,ERS799798,K37,"O1αβ,2α",highconf_pipeline_K_prott5_mean,,,
K37PH164C1,K2,,,highconf_pipeline_K_prott5_mean,,,
K37PH164C1,sampleK3,K3,O2α,highconf_pipeline_K_prott5_mean,,,
K37PH164C1,sampleK4,K4,"O11αβ,2α",highconf_pipeline_K_prott5_mean,,,
K38PH09C2,ERS715410,K38,"O1αβ,2α",highconf_pipeline_K_prott5_mean,,,
K39PH122C2,ERS686710,null,"O1αβ,2β",highconf_pipeline_K_prott5_mean,,50,55
K39PH122C2,ERS764452,K36,O4,highconf_pipeline_K_prott5_mean,15,54,50
K3PH164,K2,,,highconf_pipeline_K_prott5_mean,,,
K3PH164,sampleK3,K3,O2α,highconf_pipeline_K_prott5_mean,,,
K40PH129C1,K40,,,highconf_pipeline_K_prott5_mean,,,
K41P2,ERS686710,null,"O1αβ,2β",highconf_pipeline_K_prott5_mean,,,
K41P2,ERS686711,K41,O13,highconf_pipeline_K_prott5_mean,,,
K42PH8,ERS685294,K42,O4,highconf_pipeline_K_prott5_mean,,,
K42PH8,ERS764452,K36,O4,highconf_pipeline_K_prott5_mean,,,
K43PH164C1,ERS747611,K43,O2α,highconf_pipeline_K_prott5_mean,,4,4
K43PH164C1,ERS764452,K36,O4,highconf_pipeline_K_prott5_mean,21,51,45
K44PH129C1,ERS744787,K44,"O1αβ,2γ",highconf_pipeline_K_prott5_mean,,,
K44PH129C1,ERS799798,K37,"O1αβ,2α",highconf_pipeline_K_prott5_mean,,,
K45PH128C2,ERS799798,K37,"O1αβ,2α",highconf_pipeline_K_prott5_mean,,21,28
K45PH128C2,K45,,,highconf_pipeline_K_prott5_mean,,,
K45PH128C2,K71,,,highconf_pipeline_K_prott5_mean,,,
K46PH129,ERS702128,K46,"O1αβ,2α",highconf_pipeline_K_prott5_mean,27,41,49
K47PH6,ERS715469,K47,"O1αβ,2α",highconf_pipeline_K_prott5_mean,,,
K48PH164C1,K48,,,highconf_pipeline_K_prott5_mean,,,
K49PH164C2,ERS659571,K11,O3αβ,highconf_pipeline_K_prott5_mean,14,1,3
K49PH164C2,ERS702129,null,O10,highconf_pipeline_K_prott5_mean,,40,48
K49PH164C2,ERS702130,K60,O5,highconf_pipeline_K_prott5_mean,,11,17
K49PH164C2,ERS715470,K49,O3αβ,highconf_pipeline_K_prott5_mean,,1,3
K49PH164C2,K53,,,highconf_pipeline_K_prott5_mean,,,
K4PH164,K52,,,highconf_pipeline_K_prott5_mean,,,
K4PH164,sampleK4,K4,"O11αβ,2α",highconf_pipeline_K_prott5_mean,,,
K50PH164C1,ERS686706,K64,"O1αβ,2α",highconf_pipeline_K_prott5_mean,24,31,37
K50PH164C1,ERS715471,null,O3γ,highconf_pipeline_K_prott5_mean,,13,17
K50PH164C1,ERS747611,K43,O2α,highconf_pipeline_K_prott5_mean,,17,22
K50PH164C1,K69,,,highconf_pipeline_K_prott5_mean,,,
K51PH129C1,ERS706556,K51,O3γ,highconf_pipeline_K_prott5_mean,12,36,32
K52PH129C1,ERS686707,K19,"O1αβ,2β",highconf_pipeline_K_prott5_mean,20,28,38
K52PH129C1,ERS686708,K33,O3γ,highconf_pipeline_K_prott5_mean,,12,19
K52PH129C1,ERS686710,null,"O1αβ,2β",highconf_pipeline_K_prott5_mean,,28,40
K52PH129C1,ERS715409,K34,"O1αβ,2α",highconf_pipeline_K_prott5_mean,,41,51
K52PH129C1,ERS718584,null,"O1αβ,2α",highconf_pipeline_K_prott5_mean,,41,51
K52PH129C1,K28,,,highconf_pipeline_K_prott5_mean,,,
K52PH129C1,K52,,,highconf_pipeline_K_prott5_mean,,,
K52PH129C1,K69,,,highconf_pipeline_K_prott5_mean,,,
K53PH164C2,K53,,,highconf_pipeline_K_prott5_mean,,,
K54lambda1,ERS715401,K58,O3αβ,highconf_pipeline_K_prott5_mean,6,1,3
K54lambda1,ERS718583,K54,O3αβ,highconf_pipeline_K_prott5_mean,1,1,1
K54lambda1,ERS747612,K24,"O1αβ,2α",highconf_pipeline_K_prott5_mean,,11,14
K54lambda2,ERS718583,K54,O3αβ,highconf_pipeline_K_prott5_mean,1,23,1
K55P2_1,ERS715400,K55,O3αβ,highconf_pipeline_K_prott5_mean,,,
K55P2_1,K70,,,highconf_pipeline_K_prott5_mean,,,
K56PH164C1,ERS702129,null,O10,highconf_pipeline_K_prott5_mean,,22,22
K57lambda1,ERS523589,K57,O5,highconf_pipeline_K_prott5_mean,23,1,4
K57lambda1,ERS715473,K68,O2α,highconf_pipeline_K_prott5_mean,1,35,1
K58PH129C2,ERS715401,K58,O3αβ,highconf_pipeline_K_prott5_mean,18,43,44
K59PH2,ERS659581,K82,O12,highconf_pipeline_K_prott5_mean,,,
K59PH2,ERS715399,K30,"O1αβ,2α",highconf_pipeline_K_prott5_mean,,,
K59PH2,ERS715472,K59,O2αγ,highconf_pipeline_K_prott5_mean,,,
K59PH2,ERS764452,K36,O4,highconf_pipeline_K_prott5_mean,,,
K5lamda5,ERS812516,K5,"O11αβ,2α",highconf_pipeline_K_prott5_mean,,,
K60PH164C1,ERS702130,K60,O5,highconf_pipeline_K_prott5_mean,,1,3
K60PH164C1,ERS764451,K18,"O1αβ,2α",highconf_pipeline_K_prott5_mean,,19,22
K61PH164C1,ERS685295,K61,O5,highconf_pipeline_K_prott5_mean,,30,32
K61PH164C1,K67,,,highconf_pipeline_K_prott5_mean,,,
K62PH164C2,ERS659578,K74,OL15,highconf_pipeline_K_prott5_mean,12,27,24
K62PH164C2,ERS686706,K64,"O1αβ,2α",highconf_pipeline_K_prott5_mean,6,40,19
K62PH164C2,ERS702127,K29,OL15,highconf_pipeline_K_prott5_mean,,27,36
K62PH164C2,ERS702132,K65,O12,highconf_pipeline_K_prott5_mean,,32,39
K62PH164C2,ERS715473,K68,O2α,highconf_pipeline_K_prott5_mean,19,24,34
K62PH164C2,ERS718584,null,"O1αβ,2α",highconf_pipeline_K_prott5_mean,,40,49
K62PH164C2,K69,,,highconf_pipeline_K_prott5_mean,,,
K63PH128,ERS702131,K63,"O1αβ,2β",highconf_pipeline_K_prott5_mean,18,7,9
K64PH164C4,ERS686706,K64,"O1αβ,2α",highconf_pipeline_K_prott5_mean,,,
K64PH164C4,ERS702132,K65,O12,highconf_pipeline_K_prott5_mean,,,
K65PH164,ERS523589,K57,O5,highconf_pipeline_K_prott5_mean,16,35,42
K65PH164,ERS659578,K74,OL15,highconf_pipeline_K_prott5_mean,18,6,8
K65PH164,ERS659579,K80,O12,highconf_pipeline_K_prott5_mean,,29,35
K65PH164,ERS659580,K35,O5,highconf_pipeline_K_prott5_mean,1,35,1
K65PH164,ERS686706,K64,"O1αβ,2α",highconf_pipeline_K_prott5_mean,10,40,38
K65PH164,ERS686707,K19,"O1αβ,2β",highconf_pipeline_K_prott5_mean,11,17,21
K65PH164,ERS686709,K35,O2αγ,highconf_pipeline_K_prott5_mean,1,32,1
K65PH164,ERS686711,K41,O13,highconf_pipeline_K_prott5_mean,,25,29
K65PH164,ERS701896,K31,O3γ,highconf_pipeline_K_prott5_mean,,21,25
K65PH164,ERS702127,K29,OL15,highconf_pipeline_K_prott5_mean,,6,8
K65PH164,ERS702129,null,O10,highconf_pipeline_K_prott5_mean,,57,59
K65PH164,ERS702130,K60,O5,highconf_pipeline_K_prott5_mean,,35,47
K65PH164,ERS702132,K65,O12,highconf_pipeline_K_prott5_mean,,29,35
K65PH164,ERS706552,K8,"O1αβ,2β",highconf_pipeline_K_prott5_mean,,17,21
K65PH164,ERS706554,K12,"O1αβ,2α",highconf_pipeline_K_prott5_mean,,40,50
K65PH164,ERS715400,K55,O3αβ,highconf_pipeline_K_prott5_mean,15,11,15
K65PH164,ERS715469,K47,"O1αβ,2α",highconf_pipeline_K_prott5_mean,21,40,44
K65PH164,ERS715470,K49,O3αβ,highconf_pipeline_K_prott5_mean,,11,15
K65PH164,ERS715471,null,O3γ,highconf_pipeline_K_prott5_mean,,21,25
K65PH164,ERS715472,K59,O2αγ,highconf_pipeline_K_prott5_mean,,32,39
K65PH164,ERS718584,null,"O1αβ,2α",highconf_pipeline_K_prott5_mean,,40,50
K65PH164,ERS736962,K32,O2αγ,highconf_pipeline_K_prott5_mean,,32,39
K65PH164,ERS743101,K14,O5,highconf_pipeline_K_prott5_mean,26,35,46
K65PH164,ERS747611,K43,O2α,highconf_pipeline_K_prott5_mean,,26,32
K65PH164,ERS764451,K18,"O1αβ,2α",highconf_pipeline_K_prott5_mean,,40,50
K65PH164,ERS764452,K36,O4,highconf_pipeline_K_prott5_mean,22,2,4
K65PH164,ERS799795,null,O4,highconf_pipeline_K_prott5_mean,,2,4
K65PH164,ERS799796,K16,"O1αβ,2α",highconf_pipeline_K_prott5_mean,17,40,43
K65PH164,ERS799797,K26,OL15,highconf_pipeline_K_prott5_mean,,6,8
K65PH164,K21,,,highconf_pipeline_K_prott5_mean,,,
K65PH164,K27,,,highconf_pipeline_K_prott5_mean,,,
K65PH164,K28,,,highconf_pipeline_K_prott5_mean,,,
K65PH164,K48,,,highconf_pipeline_K_prott5_mean,,,
K65PH164,K53,,,highconf_pipeline_K_prott5_mean,,,
K65PH164,K67,,,highconf_pipeline_K_prott5_mean,,,
K65PH164,K69,,,highconf_pipeline_K_prott5_mean,,,
K65PH164,K70,,,highconf_pipeline_K_prott5_mean,,,
K65PH164,K72,,,highconf_pipeline_K_prott5_mean,,,
K66PH128C1,ERS702133,null,OL15,highconf_pipeline_K_prott5_mean,,48,52
K68QB,ERS686706,K64,"O1αβ,2α",highconf_pipeline_K_prott5_mean,,,
K68QB,ERS686709,K35,O2αγ,highconf_pipeline_K_prott5_mean,,,
K68QB,ERS701896,K31,O3γ,highconf_pipeline_K_prott5_mean,,,
K68QB,ERS702127,K29,OL15,highconf_pipeline_K_prott5_mean,,,
K68QB,ERS702129,null,O10,highconf_pipeline_K_prott5_mean,,,
K68QB,ERS706552,K8,"O1αβ,2β",highconf_pipeline_K_prott5_mean,,,
K68QB,ERS715473,K68,O2α,highconf_pipeline_K_prott5_mean,,,
K68QB,ERS736962,K32,O2αγ,highconf_pipeline_K_prott5_mean,,,
K68QB,ERS764452,K36,O4,highconf_pipeline_K_prott5_mean,,,
K69PH164C2,ERS686708,K33,O3γ,highconf_pipeline_K_prott5_mean,,19,25
K69PH164C2,ERS686710,null,"O1αβ,2β",highconf_pipeline_K_prott5_mean,,23,29
K69PH164C2,ERS702127,K29,OL15,highconf_pipeline_K_prott5_mean,,28,36
K69PH164C2,ERS706554,K12,"O1αβ,2α",highconf_pipeline_K_prott5_mean,,34,45
K69PH164C2,ERS715400,K55,O3αβ,highconf_pipeline_K_prott5_mean,7,1,1
K69PH164C2,K27,,,highconf_pipeline_K_prott5_mean,,,
K69PH164C2,K28,,,highconf_pipeline_K_prott5_mean,,,
K69PH164C2,K69,,,highconf_pipeline_K_prott5_mean,,,
K6PH25C3,ERS706552,K8,"O1αβ,2β",highconf_pipeline_K_prott5_mean,,27,33
K6PH25C3,ERS739094,K6,"O11αβ,2α",highconf_pipeline_K_prott5_mean,,,
K70PH128C1,ERS659571,K11,O3αβ,highconf_pipeline_K_prott5_mean,,,
K70PH128C1,ERS686707,K19,"O1αβ,2β",highconf_pipeline_K_prott5_mean,,,
K70PH128C1,ERS702127,K29,OL15,highconf_pipeline_K_prott5_mean,,,
K70PH128C1,ERS715470,K49,O3αβ,highconf_pipeline_K_prott5_mean,,,
K70PH128C1,K69,,,highconf_pipeline_K_prott5_mean,,,
K70PH128C1,K70,,,highconf_pipeline_K_prott5_mean,,,
K71PH129C1,ERS702130,K60,O5,highconf_pipeline_K_prott5_mean,,29,34
K71PH129C1,K71,,,highconf_pipeline_K_prott5_mean,,,
K72PH164C2,K72,,,highconf_pipeline_K_prott5_mean,,,
K74PH129C2,ERS659577,K74,OL15,highconf_pipeline_K_prott5_mean,1,28,2
K74PH129C2,ERS702131,K63,"O1αβ,2β",highconf_pipeline_K_prott5_mean,9,23,26
K74PH129C2,K40,,,highconf_pipeline_K_prott5_mean,,,
K79PH164C1,ERS659578,K74,OL15,highconf_pipeline_K_prott5_mean,,,
K7PH164C2,ERS706552,K8,"O1αβ,2β",highconf_pipeline_K_prott5_mean,,,
K7PH164C3,ERS706552,K8,"O1αβ,2β",highconf_pipeline_K_prott5_mean,,,
K7PH164C4,ERS523589,K57,O5,highconf_pipeline_K_prott5_mean,6,5,9
K7PH164C4,ERS659571,K11,O3αβ,highconf_pipeline_K_prott5_mean,16,10,14
K7PH164C4,ERS686706,K64,"O1αβ,2α",highconf_pipeline_K_prott5_mean,1,41,5
K7PH164C4,ERS686709,K35,O2αγ,highconf_pipeline_K_prott5_mean,7,19,23
K7PH164C4,ERS686710,null,"O1αβ,2β",highconf_pipeline_K_prott5_mean,,37,47
K7PH164C4,ERS701896,K31,O3γ,highconf_pipeline_K_prott5_mean,,26,38
K7PH164C4,ERS702127,K29,OL15,highconf_pipeline_K_prott5_mean,,31,43
K7PH164C4,ERS702128,K46,"O1αβ,2α",highconf_pipeline_K_prott5_mean,27,41,50
K7PH164C4,ERS702129,null,O10,highconf_pipeline_K_prott5_mean,,30,42
K7PH164C4,ERS702130,K60,O5,highconf_pipeline_K_prott5_mean,,5,9
K7PH164C4,ERS702132,K65,O12,highconf_pipeline_K_prott5_mean,,2,2
K7PH164C4,ERS706552,K8,"O1αβ,2β",highconf_pipeline_K_prott5_mean,,37,47
K7PH164C4,ERS706555,K13,"O1αβ,2α",highconf_pipeline_K_prott5_mean,,41,51
K7PH164C4,ERS715399,K30,"O1αβ,2α",highconf_pipeline_K_prott5_mean,4,41,8
K7PH164C4,ERS715469,K47,"O1αβ,2α",highconf_pipeline_K_prott5_mean,2,41,6
K7PH164C4,ERS715473,K68,O2α,highconf_pipeline_K_prott5_mean,5,16,20
K7PH164C4,ERS718583,K54,O3αβ,highconf_pipeline_K_prott5_mean,24,10,14
K7PH164C4,ERS743101,K14,O5,highconf_pipeline_K_prott5_mean,22,5,9
K7PH164C4,ERS764452,K36,O4,highconf_pipeline_K_prott5_mean,26,22,27
K7PH164C4,ERS799797,K26,OL15,highconf_pipeline_K_prott5_mean,,31,43
K7PH164C4,K21,,,highconf_pipeline_K_prott5_mean,,,
K7PH164C4,K27,,,highconf_pipeline_K_prott5_mean,,,
K7PH164C4,K45,,,highconf_pipeline_K_prott5_mean,,,
K7PH164C4,K52,,,highconf_pipeline_K_prott5_mean,,,
K7PH164C4,K69,,,highconf_pipeline_K_prott5_mean,,,
K7PH164C4,K70,,,highconf_pipeline_K_prott5_mean,,,
K80P2,ERS659579,K80,O12,highconf_pipeline_K_prott5_mean,,,
K81P1,ERS659580,K35,O5,highconf_pipeline_K_prott5_mean,,,
K82P1,ERS659581,K82,O12,highconf_pipeline_K_prott5_mean,,31,34
K8PH128,ERS523587,K2,"O1αβ,2α",highconf_pipeline_K_prott5_mean,2,9,10
K8PH128,ERS739095,K1,"O1αβ,2α",highconf_pipeline_K_prott5_mean,1,9,1
K9PH25C2,ERS747603,K9,O2β,highconf_pipeline_K_prott5_mean,,36,42
M12a,HGV2C_28,KL139,O3γ,highconf_pipeline_K_prott5_mean,,35,52
M5a,HGV2_430,KL103,O13,highconf_pipeline_K_prott5_mean,,17,20
M5a,KP_HGUA02_099,KL103,O13,highconf_pipeline_K_prott5_mean,,17,20
M5b,1210,K22,"O1αβ,2α",highconf_pipeline_K_prott5_mean,,70,78
M5b,255KP-HG,K22,"O1αβ,2α",highconf_pipeline_K_prott5_mean,,70,78
P4a,HGV2C_11,KL140,"O1αβ,2β",highconf_pipeline_K_prott5_mean,2,48,2
P4a,HGV2C_13,KL140,O2β,highconf_pipeline_K_prott5_mean,2,78,2
P4a,KP_HGE01_004,KL140,O2β,highconf_pipeline_K_prott5_mean,2,78,2
P4a,KP_HGE01_029,KL140,O2β,highconf_pipeline_K_prott5_mean,2,78,2
P4b,HGV2C_11,KL140,"O1αβ,2β",highconf_pipeline_K_prott5_mean,2,62,2
P4b,HGV2C_13,KL140,O2β,highconf_pipeline_K_prott5_mean,2,78,2
P4b,KP_HGE01_004,KL140,O2β,highconf_pipeline_K_prott5_mean,2,78,2
P4b,KP_HGE01_029,KL140,O2β,highconf_pipeline_K_prott5_mean,2,78,2
S10a,HCV1_26,K25,O5,highconf_pipeline_K_prott5_mean,1,28,1
S10a,HGUA4_51,K24,"O1αβ,2α",highconf_pipeline_K_prott5_mean,,36,37
S10a,KP_HGUA03_124,K25,O5,highconf_pipeline_K_prott5_mean,1,28,1
S11a,HCV1_26,K25,O5,highconf_pipeline_K_prott5_mean,1,1,1
S11a,HGUA4_08,K25,"O1αβ,2α",highconf_pipeline_K_prott5_mean,1,9,1
S11a,HGUA4_51,K24,"O1αβ,2α",highconf_pipeline_K_prott5_mean,,9,11
S11a,KP_HGUA03_124,K25,O5,highconf_pipeline_K_prott5_mean,1,1,1
S13a,779,KL102,O2β,highconf_pipeline_K_prott5_mean,7,1,1
S13a,CU443,KL102,O2β,highconf_pipeline_K_prott5_mean,7,1,1
S13a,CU448,KL102,O2β,highconf_pipeline_K_prott5_mean,7,1,1
S13a,CU451,KL102,O2β,highconf_pipeline_K_prott5_mean,7,1,1
S13a,HCV1_10,KL149,"O1αβ,2β",highconf_pipeline_K_prott5_mean,,64,80
S13a,HGV2_418,KL102,O12,highconf_pipeline_K_prott5_mean,7,94,36
S13b,HCV1_24,K63,"O1αβ,2β",highconf_pipeline_K_prott5_mean,68,11,26
S13c,779,KL102,O2β,highconf_pipeline_K_prott5_mean,,,
S13c,CU443,KL102,O2β,highconf_pipeline_K_prott5_mean,,,
S13c,CU448,KL102,O2β,highconf_pipeline_K_prott5_mean,,,
S13c,CU451,KL102,O2β,highconf_pipeline_K_prott5_mean,,,
S13c,HCV1_10,KL149,"O1αβ,2β",highconf_pipeline_K_prott5_mean,,,
S13c,HGV2_418,KL102,O12,highconf_pipeline_K_prott5_mean,,,
S13d,HCV1_27,K14,O3γ,highconf_pipeline_K_prott5_mean,1,1,1
S13d,HGUA4_15,K14,O5,highconf_pipeline_K_prott5_mean,1,30,1
S13d,HGV2C_20,K14,O3γ,highconf_pipeline_K_prott5_mean,1,1,1
S13d,HGV2C_33,K14,O3γ,highconf_pipeline_K_prott5_mean,1,1,1
S13f,218KP-HG,KL151,O4,highconf_pipeline_K_prott5_mean,52,124,106
S13f,HCV1_42,K62,"O1αβ,2β",highconf_pipeline_K_prott5_mean,91,60,66
S13f,KP_HGUA02_055,K62,O2α,highconf_pipeline_K_prott5_mean,91,50,59
S13f,KP_HGUA02_066,K62,O2α,highconf_pipeline_K_prott5_mean,91,50,59
S6a,102KP-HG,KL151,O4,highconf_pipeline_K_prott5_mean,1,70,1
S6a,218KP-HG,KL151,O4,highconf_pipeline_K_prott5_mean,1,70,1
S6a,HAV1_14,KL151,O4,highconf_pipeline_K_prott5_mean,1,70,1
S6a,Kpcas042,KL151,O4,highconf_pipeline_K_prott5_mean,1,70,1
S8a,102KP-HG,KL151,O4,highconf_pipeline_K_prott5_mean,24,87,72
S8a,156KP-HG,K13,O3γ,highconf_pipeline_K_prott5_mean,,15,28
S8a,HAV1_13,K46,O3γ,highconf_pipeline_K_prott5_mean,46,15,28
S8a,HCV1_19,K3,"O1αβ,2β",highconf_pipeline_K_prott5_mean,13,42,26
S8a,HGV2C_18,K30,"O1αβ,2α",highconf_pipeline_K_prott5_mean,4,111,10
S8a,KP_HGUA02_064,K46,O3γ,highconf_pipeline_K_prott5_mean,46,15,28
S8a,KP_HGUA02_092,K20,O2α,highconf_pipeline_K_prott5_mean,82,101,120
S8b,102KP-HG,KL151,O4,highconf_pipeline_K_prott5_mean,13,97,33
S8b,132,K39,"O1αβ,2α",highconf_pipeline_K_prott5_mean,,111,121
S8b,218KP-HG,KL151,O4,highconf_pipeline_K_prott5_mean,13,97,33
S8b,CU293,K39,"O1αβ,2α",highconf_pipeline_K_prott5_mean,,111,121
S8b,HAV1_14,KL151,O4,highconf_pipeline_K_prott5_mean,13,97,33
S8b,HCV1_24,K63,"O1αβ,2β",highconf_pipeline_K_prott5_mean,36,7,13
S8b,HGUA4_15,K14,O5,highconf_pipeline_K_prott5_mean,90,88,107
S8b,HGV2C_03,K81,"O1αβ,2β",highconf_pipeline_K_prott5_mean,80,7,13
S8b,HGV2C_10,K25,O5,highconf_pipeline_K_prott5_mean,72,88,107
S8b,HGV2_429,KL136,O2β,highconf_pipeline_K_prott5_mean,,62,92
S8b,KP_HGE01_003,K64,"O1αβ,2α",highconf_pipeline_K_prott5_mean,10,111,30
S8b,KP_HGUA02_071,KL134,O3αβ,highconf_pipeline_K_prott5_mean,51,1,4
S8b,Kpcas027,KL146,"O1αβ,2β",highconf_pipeline_K_prott5_mean,94,7,13
S8b,Kpcas042,KL151,O4,highconf_pipeline_K_prott5_mean,13,97,33
S8c,102KP-HG,KL151,O4,highconf_pipeline_K_prott5_mean,30,119,113
S8c,132,K39,"O1αβ,2α",highconf_pipeline_K_prott5_mean,,82,90
S8c,228,K36,O4,highconf_pipeline_K_prott5_mean,43,119,118
S8c,CU293,K39,"O1αβ,2α",highconf_pipeline_K_prott5_mean,,82,90
S8c,CU371,KL158,O3αβ,highconf_pipeline_K_prott5_mean,54,1,8
S8c,HCV1_24,K63,"O1αβ,2β",highconf_pipeline_K_prott5_mean,49,66,77
S8c,HGUA4_15,K14,O5,highconf_pipeline_K_prott5_mean,76,111,124
S8c,HGV2C_18,K30,"O1αβ,2α",highconf_pipeline_K_prott5_mean,15,82,21
S8c,HGV2C_33,K14,O3γ,highconf_pipeline_K_prott5_mean,76,17,30
S8c,HGV2_370,K13,O3γ,highconf_pipeline_K_prott5_mean,,17,30
S8c,KP_HGE01_003,K64,"O1αβ,2α",highconf_pipeline_K_prott5_mean,27,82,89
S8c,KP_HGE01_024,K7,O2β,highconf_pipeline_K_prott5_mean,,44,57
S8c,KP_HGE01_042,K64,O2α,highconf_pipeline_K_prott5_mean,27,7,22
S8c,KP_HGUA02_054,K31,O3γ,highconf_pipeline_K_prott5_mean,,17,30
S8c,KP_HGUA02_064,K46,O3γ,highconf_pipeline_K_prott5_mean,34,17,30
S8c,KP_HGUA02_071,KL134,O3αβ,highconf_pipeline_K_prott5_mean,82,1,8
S8c,KP_HGUA02_089,K10,O3αβ,highconf_pipeline_K_prott5_mean,24,1,8
S8c,Kpcas024,K39,O3γ,highconf_pipeline_K_prott5_mean,,17,30
S8c,Kpcas027,KL146,"O1αβ,2β",highconf_pipeline_K_prott5_mean,80,66,77
S9a,132,K39,"O1αβ,2α",highconf_pipeline_K_prott5_mean,,28,40
S9a,1446,K39,"O1αβ,2α",highconf_pipeline_K_prott5_mean,,28,40
S9a,CU293,K39,"O1αβ,2α",highconf_pipeline_K_prott5_mean,,28,40
S9a,CU443,KL102,O2β,highconf_pipeline_K_prott5_mean,27,55,62
S9a,CU448,KL102,O2β,highconf_pipeline_K_prott5_mean,27,55,62
S9a,CU451,KL102,O2β,highconf_pipeline_K_prott5_mean,27,55,62
S9a,HCV1_10,KL149,"O1αβ,2β",highconf_pipeline_K_prott5_mean,,101,121
S9a,HGV2_418,KL102,O12,highconf_pipeline_K_prott5_mean,27,117,99
S9a,Kpcas024,K39,O3γ,highconf_pipeline_K_prott5_mean,,1,14
S9a,NTUH,K1,"O1αβ,2β",highconf_pipeline_K_prott5_mean,10,101,10
